original,translated
"Oh God, why am I in this house by nature angry, angry, anxious, anxious, restless, when my mouth is open, my heart is full of malice","Ã”i ChÃºa Æ¡i, sao tÃ´i láº¡i á»Ÿ trong cÄƒn nhÃ  nÃ y mÃ  lÃ²ng Ä‘áº§y giáº­n dá»¯, lo Ã¢u, báº¥t an Ä‘áº¿n tháº¿, miá»‡ng thÃ¬ má»Ÿ mÃ  trong tim toÃ n sá»± háº­n thÃ¹?"
"I'm so worried, even though tomorrow is just a presentation...","MÃ¬nh lo quÃ¡, dÃ¹ ngÃ y mai chá»‰ lÃ  thuyáº¿t trÃ¬nh thÃ´i..."
"Lately, I've been feeling anxious, restless, sad, but I'm still feeling sad because na, kabeh comes naturally. Strange.","Dáº¡o nÃ y tÃ´i tháº¥y lo láº¯ng, bá»“n chá»“n, buá»“n bÃ£, nhÆ°ng váº«n buá»“n vÃ¬ má»i chuyá»‡n cá»© Ä‘áº¿n tá»± nhiÃªn, tháº­t láº¡."
"I'm so worried, my cellphone is about to fall again","MÃ¬nh lo quÃ¡, Ä‘iá»‡n thoáº¡i sáº¯p rÆ¡i ná»¯a rá»“i!"
"Moving forward is hope, Quitting is despair. Restless hope is better than despair..#morethanfriends","Tiáº¿n lÃªn lÃ  hy vá»ng, bá» cuá»™c lÃ  tuyá»‡t vá»ng; hy vá»ng ráº¡o rá»±c váº«n hÆ¡n tuyá»‡t vá»ng."
So when the time comes I won't be surprised anymore and won't be overly disappointed. I lowered my expectations amidst the many possibilities. That I undo because I know and self-aware. Now I shouldn't be nervous anymore right? But why am I still not ready?,"Váº­y khi thá»i Ä‘iá»ƒm Ä‘áº¿n, tÃ´i sáº½ khÃ´ng cÃ²n ngáº¡c nhiÃªn hay tháº¥t vá»ng quÃ¡ má»©c ná»¯a, tÃ´i Ä‘Ã£ háº¡ tháº¥p ká»³ vá»ng giá»¯a muÃ´n vÃ n kháº£ nÄƒng; viá»‡c Ä‘Ã³ lÃ  do tÃ´i tá»± biáº¿t mÃ¬nh, tá»± nháº­n thá»©c Ä‘Æ°á»£c. Giá» thÃ¬ tÃ´i khÃ´ng nÃªn lo láº¯ng ná»¯a chá»© nhá»‰? Sao tÃ´i váº«n chÆ°a sáºµn sÃ ng?"
ORIGINAL ORIGINAL AT THE END OF THIS END IS ANGRY EVERY HOURS 22.00 FEAR THE MIXTAPE COMES OUT,"Cuá»‘i cÃ¹ng cá»§a cÃ¡i káº¿t nÃ y, lÃºc 22h má»—i giá», sá»± giáº­n dá»¯ Ä‘ang dÃ¢ng lÃªn vÃ¬ sá»£ mixtape ra máº¯t."
It's too lazy if every day the default is constantly restless for no reason,HÃ ng ngÃ y cá»© vÃ´ cá»› mÃ  bá»“n chá»“n khÃ´ng yÃªn thÃ¬ tháº­t lÃ  lÆ°á»i biáº¿ng.
"Can I skip this or not? To be honest, I don't really have any feelings of anxiety, I just thought about it, do you think I can survive in this place or not??","Tao cÃ³ thá»ƒ bá» qua cÃ¡i nÃ y khÃ´ng nhá»‰? Thá»±c ra thÃ¬ tao cÅ©ng cháº³ng lo láº¯ng gÃ¬, chá»‰ lÃ  nghÄ© váº­y thÃ´i, khÃ´ng biáº¿t tao cÃ³ sá»‘ng ná»•i á»Ÿ Ä‘Ã¢y khÃ´ng ná»¯a?!"
"Why do thoughts in the future always make you anxious, even though it is not necessarily the case. Whyyyyy? I'm so dizzy. Pdhl has encouraged himself to calm down, be patient, take it slow. Is there any medicine?","Sao nhá»¯ng suy nghÄ© vá» tÆ°Æ¡ng lai cá»© khiáº¿n mÃ¬nh lo láº¯ng tháº¿ nÃ y, dÃ¹ chÆ°a cháº¯c gÃ¬ Ä‘Ã£ xáº£y ra, táº¡i sao chá»©? Má»‡t quÃ¡, chÃ³ng máº·t quÃ¡!  MÃ¬nh Ä‘Ã£ tá»± nhá»§ pháº£i bÃ¬nh tÄ©nh, kiÃªn nháº«n, tá»« tá»« mÃ  váº«n tháº¿, cÃ³ thuá»‘c nÃ o chá»¯a Ä‘Æ°á»£c khÃ´ng?"
"Compromise to your heart's content. Restless , upset , happy , sad . It's like riding a gondola but don't know when to get off the ride.","HÃ£y thá»a sá»©c thoáº£ hiá»‡p Ä‘i, dÃ¹ vui buá»“n giáº­n há»n tháº¿ nÃ o cÅ©ng Ä‘Æ°á»£c, cá»© nhÆ° Ä‘ang ngá»“i gondola mÃ  cháº³ng biáº¿t khi nÃ o xuá»‘ng."
"I'm easily restless, even fake.","TÃ´i dá»… chÃ¡n, tháº­m chÃ­ giáº£ vá» ná»¯a."
"I'm really nervous, why is it, I don't have much worship..","TÃ´i lo láº¯ng quÃ¡, táº¡i sao nhá»‰, tÃ´i cháº³ng Ä‘Æ°á»£c ai tÃ´n trá»ng máº¥y."
"Overthinking, restless, dizzy, tired, wants to cry, sucks in starting to enter the room","NghÄ© ngá»£i nhiá»u, bá»“n chá»“n, chÃ³ng máº·t, má»‡t má»i, muá»‘n khÃ³c, chá»‰ muá»‘n láº©n trÃ¡nh viá»‡c bÆ°á»›c vÃ o phÃ²ng."
Why is this guy so restless,Tháº±ng nÃ y sao cá»© bá»“n chá»“n tháº¿?
"I'm lazy to work, if I often feel anxious","Má»‡t má»i vÃ  lo láº¯ng, tÃ´i cháº³ng muá»‘n lÃ m viá»‡c gÃ¬ cáº£."
"restless and emotional like PMS again, even though it's over. it doesn't feel very comfortable. kesenggol stik wants to cry. â€“ istighfar a lot","Bá»“n chá»“n vÃ  xÃºc cáº£m, cá»© nhÆ° Ä‘ang bá»‹ PMS váº­y dÃ¹ Ä‘Ã£ háº¿t rá»“i, khÃ³ chá»‹u vÃ´ cÃ¹ng, chá»‰ muá»‘n khÃ³c thÃ´i â€“ liÃªn tá»¥c cáº§u nguyá»‡n xin tha thá»©."
"want to sleep restless, wake up restless. what do you want to die for?","Tráº±n trá»c khÃ´ng ngá»§, tá»‰nh dáº­y váº«n tráº±n trá»c.  Rá»‘t cuá»™c, vÃ¬ Ä‘iá»u gÃ¬ mÃ  anh muá»‘n cháº¿t?"
Emotional when PMS is motivated by insecurity which also increases due to these hormones. I don't know why I will feel anxious about many things for no reason even if there is a reason it's just too much to say â„¢Æ’Ã°Å¸â„¢Æ’Ã°Å¸â„¢Æ’,"Dá»… xÃºc Ä‘á»™ng lÃºc hÃ nh kinh vÃ¬ sá»± báº¥t an cÃ ng tÄƒng do ná»™i tiáº¿t, cháº³ng hiá»ƒu sao láº¡i lo láº¯ng nhiá»u thá»© vÃ´ cá»›, cÃ³ lÃ½ do thÃ¬ cÅ©ng nhiá»u quÃ¡ nÃ³i khÃ´ng xuá»ƒ."
"I feel so restless, why?","TÃ´i cá»© bá»“n chá»“n mÃ£i, sao tháº¿ nÃ y?"
restless oh nervous.,"Tráº±n trá»c, lo láº¯ng quÃ¡!"
always worried about tomorrow,LuÃ´n lo láº¯ng vá» ngÃ y mai.
"If you're blank and restless, your typing will be random","Náº¿u báº¡n trá»‘ng rá»—ng vÃ  bá»“n chá»“n, gÃµ cá»§a báº¡n sáº½ lung tung."
I'm so nervous :(,MÃ¬nh há»“i há»™p quÃ¡!
"""No regrets or grudges/angry at things that have passed, and not worrying too much about the future, that's true serenity.""","KhÃ´ng há»‘i tiáº¿c, khÃ´ng oÃ¡n giáº­n chuyá»‡n cÅ©, cÅ©ng cháº³ng quÃ¡ lo láº¯ng vá» tÆ°Æ¡ng lai, Ä‘Ã³ má»›i lÃ  sá»± thanh tháº£n thá»±c sá»±."
Looks like I'm going to leave WhatsApp aka I don't want to open it often because I don't know why I'm worried every time I open it,"HÃ¬nh nhÆ° mÃ¬nh sáº¯p bá» WhatsApp máº¥t, vÃ¬ cá»© má»Ÿ lÃªn lÃ  láº¡i tháº¥y lo láº¯ng khÃ´ng hiá»ƒu sao."
This week really can't calm downâ€“ there's just something that's bothering me,"Tuáº§n nÃ y cá»© rá»‘i bá»i mÃ£i, cÃ³ cÃ¡i gÃ¬ Ä‘Ã³ cá»© lÃ m mÃ¬nh báº­n lÃ²ng."
Very restless huh,Bá»“n chá»“n láº¯m nhá»‰?
Have you ever been... you're honest but you're the one who's restless hh,Báº¡n Ä‘Ã£ tá»«ngâ€¦ báº¡n tháº­t thÃ  nhÆ°ng láº¡i lÃ  ngÆ°á»i khÃ´ng yÃªn tÃ¢m Ã ?
confused and restless. This heart seems to die. When you change,"LÃºng tÃºng, bá»“n chá»“n, tim nhÆ° muá»‘n cháº¿t khi em thay Ä‘á»•i."
Can't sleep restless,Tráº±n trá»c khÃ´ng ngá»§ Ä‘Æ°á»£c.
"Why is it, every time you want to do something, you get nervous..",Sao cá»© má»—i láº§n muá»‘n lÃ m gÃ¬ lÃ  cáº­u láº¡i há»“i há»™p tháº¿?
"Ask for prayer. I'm really scared hehehe I'm really worried. Anyway, ask for prayer","Cáº§u nguyá»‡n cho mÃ¬nh Ä‘i, sá»£ quÃ¡ Ä‘i máº¥t hehe, lo láº¯m, cá»© cáº§u nguyá»‡n Ä‘i."
"gps, restless panic","Loay hoay vÃ¬ GPS, cuá»‘ng cuá»“ng sá»£ hÃ£i."
Feeling restless it's been a few months not making a living with creativity,"Máº¥y thÃ¡ng nay khÃ´ng Ä‘Æ°á»£c sá»‘ng báº±ng nghá» sÃ¡ng táº¡o, tháº¥y bá»©t rá»©t quÃ¡."
"Honestly, there is one person who is willing to be my home. Tell me when I'm wrong, comfort me when I'm nervous, and hug when the world is tired. I tried to survive on my own, but in fact it took a long time to become okay.","Tháº­t lÃ²ng mÃ  nÃ³i, cÃ³ má»™t ngÆ°á»i sáºµn sÃ ng lÃ  mÃ¡i nhÃ  cá»§a tÃ´i, chá»‰ tÃ´i khi tÃ´i sai, an á»§i tÃ´i khi tÃ´i lo láº¯ng, vÃ  Ã´m tÃ´i khi cáº£ tháº¿ giá»›i má»‡t má»i; tÃ´i tá»«ng cá»‘ gáº¯ng tá»± mÃ¬nh sá»‘ng sÃ³t, nhÆ°ng hÃ³a ra viá»‡c á»•n láº¡i máº¥t ráº¥t nhiá»u thá»i gian."
Usually no later than 9 am already asleep. This is because the thought of something is even restless,"ThÆ°á»ng thÃ¬ chÃ­n giá» sÃ¡ng lÃ  Ä‘Ã£ ngá»§ rá»“i, vÃ¬ cá»© nghÄ© lung tung nÃªn khÃ³ ngá»§ láº¯m."
"These few days every time you sleep restlessly, I don't understand why :(","Máº¥y hÃ´m nay cá»© tháº¥y anh ngá»§ khÃ´ng yÃªn, em khÃ´ng hiá»ƒu sao :(("
"Maybe that's the phase, in your 20s, you feel like you're just living like this, it's like you haven't done anything yet, overthinking future problems has made you so anxious.","CÃ³ láº½ Ä‘Ã³ lÃ  giai Ä‘oáº¡n tuá»•i Ä‘Ã´i mÆ°Æ¡i, cá»© tháº¥y mÃ¬nh sá»‘ng dáº­m chÃ¢n táº¡i chá»—, chÆ°a lÃ m Ä‘Æ°á»£c gÃ¬, láº¡i cá»© lo nghÄ© vá» tÆ°Æ¡ng lai Ä‘áº¿n má»©c lo láº¯ng vÃ´ cÃ¹ng."
Feeling anxious for no reason,Lo láº¯ng vÃ´ cá»›.
"When nervous is worse, it turns out that it's better to be told to wait than to be messed up like this","Lo láº¯ng quÃ¡ Ä‘á»™, hÃ³a ra chá» Ä‘á»£i cÃ²n hÆ¡n lÃ  bá»‹ lÃ m cho rá»‘i tung lÃªn nhÆ° tháº¿ nÃ y."
WHY ARE YOU VERY EASY??? WHY HAVE YOU ARRIVED ANXIETY LIKE THIS,Sao cáº­u dá»… dÃ£i tháº¿? Sao láº¡i lo láº¯ng nhÆ° váº­y?
Through the day has not calmed without saying good morning. Through the night continues to be restless without saying goodnight..,"NgÃ y chÆ°a yÃªn mÃ  chÆ°a chÃ o buá»•i sÃ¡ng, Ä‘Ãªm chÆ°a yÃªn mÃ  chÆ°a chÃºc ngá»§ ngon."
"faced with extraordinary emotions, stagnation and anxiety but it is forbidden to remove it. very bad situation.","Äang Ä‘á»‘i máº·t vá»›i cáº£m xÃºc dÃ¢ng trÃ o, báº¿ táº¯c vÃ  lo Ã¢u, mÃ  láº¡i khÃ´ng Ä‘Æ°á»£c phÃ©p giáº£i tá»a, tÃ¬nh hÃ¬nh tháº­t tá»“i tá»‡."
"This is the first time I'm nervous, ling lung, worried that my husband will never end to go offshore. Even if you just want to pass 2 days, the stress feels like centuries.","Láº§n Ä‘áº§u tiÃªn nÃ y tÃ´i tháº¥y lo láº¯ng, bá»“n chá»“n, sá»£ chá»“ng Ä‘i biá»ƒn mÃ£i khÃ´ng vá», chá»‰ hai ngÃ y thÃ´i mÃ  cÅ©ng tháº¥y stress nhÆ° cáº£ tháº¿ ká»·."
I'm tired but my body is restless,Má»‡t má»i mÃ  ngÆ°á»i cá»© náº±m khÃ´ng yÃªn.
"Some days I'm very restless when I want to sleep. When you go to sleep, you don't realize anything, why are people fainting","CÃ³ nhá»¯ng Ä‘Ãªm tráº±n trá»c mÃ£i khÃ´ng ngá»§ Ä‘Æ°á»£c, ngá»§ thÃ¬ cháº£ biáº¿t gÃ¬, sao ngÆ°á»i ta láº¡i ngáº¥t xá»‰u Ä‘Æ°á»£c nhá»‰?"
"A heart devoid of prayer and praise to God - easily restless, impatient, and angry for no reason.","TrÃ¡i tim khÃ´ng biáº¿t cáº§u nguyá»‡n vÃ  ca ngá»£i ChÃºa dá»… báº¥t an, nÃ³ng náº£y vÃ  ná»•i giáº­n vÃ´ cá»›."
"let me strum the guitar, believe me.. all your complaints, worries, anxiety, sadness and confusion will disappear instantly","Äá»ƒ anh Ä‘Ã¡nh Ä‘Ã n cho em nghe, tin anh Ä‘iâ€¦ má»i phiá»n muá»™n, lo láº¯ng, báº¥t an, buá»“n bÃ£ vÃ  rá»‘i ráº¯m sáº½ tan biáº¿n ngay thÃ´i."
Anjir worried I was too much,Anjir lo láº¯ng tÃ´i quÃ¡ Ä‘Ã¡ng.
Restless and agitated,Bá»“n chá»“n vÃ  lo láº¯ng.
"How about you, basically, you are a loner, where is the mental health when you are not healthy, the more it is getting better. the intention to upgrade myself is even more anxious","ChÃ­nh báº£n thÃ¢n tÃ´i, vá» cÆ¡ báº£n lÃ  má»™t ngÆ°á»i cÃ´ Ä‘á»™c, sá»©c khá»e tinh tháº§n khÃ´ng tá»‘t thÃ¬ lÃ m sao mÃ  tá»‘t lÃªn Ä‘Æ°á»£c, cÃ ng muá»‘n cá»‘ gáº¯ng hoÃ n thiá»‡n báº£n thÃ¢n láº¡i cÃ ng lo láº¯ng."
I am restless but in You is Peace,"TÃ´i báº¥t an, nhÆ°ng nÆ¡i NgÃ i lÃ  bÃ¬nh yÃªn."
Ever been the most anxious to the point of being forced to be the most sincere,CÃ³ khi nÃ o lo láº¯ng Ä‘áº¿n má»©c pháº£i thÃ nh tháº­t tuyá»‡t Ä‘á»‘i?
"Don't worry, karma is there, hauuuhzzzz","Äá»«ng lo, nghiá»‡p quáº­t Ä‘áº¥y, ha..."
really worried but i don't know why,Lo láº¯m mÃ  khÃ´ng biáº¿t vÃ¬ sao.
Sometimes I worry about the future...At least for now I am still given the opportunity to be grateful and increase charity.,"Thi thoáº£ng tÃ´i cÅ©ng lo láº¯ng vá» tÆ°Æ¡ng laiâ€¦ nhÆ°ng Ã­t nháº¥t hiá»‡n táº¡i, tÃ´i váº«n cÃ²n cÆ¡ há»™i biáº¿t Æ¡n vÃ  lÃ m viá»‡c thiá»‡n."
"restless and restless, want to be angry","Bá»“n chá»“n khÃ´ng yÃªn, muá»‘n ná»•i giáº­n."
"Oh God, why is it so hard to get to know new people now, scared, worried, worried... Tremors again. I'm so afraid of myself","Ã”i ChÃºa Æ¡i, sao giá» lÃ m quen vá»›i ngÆ°á»i má»›i khÃ³ tháº¿ nÃ y, sá»£ quÃ¡, lo quÃ¡, lo quÃ¡â€¦ Láº¡i run ná»¯a rá»“i.  TÃ´i sá»£ chÃ­nh mÃ¬nh quÃ¡."
Why are you restless at night..,Sao Ä‘Ãªm nay anh/chá»‹/báº¡n cá»© tráº±n trá»c mÃ£i váº­y?
Hoo so that's the problem that's been bothering me since Monday,"Ã€, thÃ¬ ra lÃ  tháº¿, váº¥n Ä‘á» nÃ y cá»© Ã¡m áº£nh tÃ´i tá»« thá»© Hai Ä‘áº¿n giá»."
"I hate that every time I worry again, stay up late again, worry again, stay up late again... I'm confused.","Má»‡t má»i quÃ¡, cá»© lo láº¯ng rá»“i láº¡i thá»©c khuya, lo láº¯ng rá»“i láº¡i thá»©c khuyaâ€¦mÃ¬nh rá»‘i bá»i quÃ¡!"
"I swear my teacher is full of surprises, it makes me anxious","Tháº§y/cÃ´ giÃ¡o tÃ´i toÃ n báº¥t ngá», lÃ m tÃ´i cá»© lo láº¯ng mÃ£i."
"why when you're worried, it hurts so bad it's hot and cold","Sao khi lo láº¯ng, láº¡i Ä‘au Ä‘áº¿n ná»—i nÃ³ng láº¡nh cáº£ ngÆ°á»i?"
"Ado is nervous because he failed to damage the structure of the klrgo wong.  brags about your stepson. I'm still able to study until today, my parents paid for it. Ctek affects idk. Hanging out to drink and eat my edop? I'm not. Prcma bragging about your kprgo. My father is still able to keep his word.","Ado lo láº¯ng vÃ¬ phÃ¡ há»ng klrgo wong khÃ´ng Ä‘Æ°á»£c,  cÃ²n cáº­u con riÃªng cá»§a anh ta thÃ¬ cá»© khoe khoang,  tÃ´i váº«n há»c Ä‘Æ°á»£c Ä‘áº¿n giá» lÃ  nhá» bá»‘ máº¹ chu cáº¥p,  Ctek áº£nh hÆ°á»Ÿng tháº¿ nÃ o tÃ´i khÃ´ng biáº¿t,  Ä‘i nháº­u nháº¹t vá»›i edop cá»§a tÃ´i Ã ? KhÃ´ng,  Prcma cá»© khoe khoang vá» kprgo cá»§a anh ta,  cÃ²n bá»‘ tÃ´i váº«n giá»¯ lá»i há»©a."
typing while crying & very worried,Äang gÃµ mÃ¡y mÃ  khÃ³c ná»©c ná»Ÿ vÃ  ráº¥t lo láº¯ng.
"This is crazy, the contents of my head are so full that it makes me nervous when I take it down wkwkwk","Trá»i Æ¡i, Ä‘áº§u Ã³c mÃ¬nh Ä‘áº§y áº¯p Ä‘áº¿n ná»—i sáº¯p phÃ¡t Ä‘iÃªn khi nghÄ© Ä‘áº¿n viá»‡c pháº£i ghi chÃ©p láº¡i háº¿t."
"just-have you ever been let down by your best friend to the point of feeling too anxious? I don't want to talk about him here, but I feel sorry for myself. like, girl i deserve better then this.","Tá»› tá»«ng bá»‹ báº¡n thÃ¢n pháº£n bá»™i Ä‘áº¿n má»©c lo láº¯ng phÃ¡t Ä‘iÃªn, giá» nghÄ© láº¡i tháº¥y thÆ°Æ¡ng mÃ¬nh quÃ¡, kiá»ƒu nhÆ°... tá»› xá»©ng Ä‘Ã¡ng Ä‘Æ°á»£c Ä‘á»‘i xá»­ tá»‘t hÆ¡n tháº¿ nÃ y nhiá»u."
Is there anyone here who always feels restless every time they get older?,CÃ³ ai á»Ÿ Ä‘Ã¢y luÃ´n cáº£m tháº¥y bá»“n chá»“n má»—i khi lá»›n hÆ¡n khÃ´ng?
Can you worry too much or not disturb my sleep,Anh/Chá»‹ cÃ³ thá»ƒ Ä‘á»«ng lo láº¯ng quÃ¡ vÃ  Ä‘á»ƒ tÃ´i ngá»§ Ä‘Æ°á»£c khÃ´ng?
"It turns out that being too far from God is difficult, isn't it? The heart is restless, and everything becomes restless.","HÃ³a ra xa ChÃºa quÃ¡ khÃ³ nhá»‰? TÃ¢m khÃ´ng yÃªn, má»i thá»© Ä‘á»u khÃ´ng yÃªn."
"prolonged stress, overthinking, can't sleep, want to cry, restless, just lethargic :(","Má»‡t má»i, lo nghÄ© quÃ¡ nhiá»u, máº¥t ngá»§, muá»‘n khÃ³c, bá»“n chá»“n, chá»‰ muá»‘n náº±m lÃ¬ ra."
"Maybe these few days for you it's just normal or nothing, but you know what? One day feels really long for me after that happened, I always worry about what decision you want to make in the future, and when are you going to tell me that decision","Máº¥y ngÃ y nay vá»›i em cÃ³ láº½ bÃ¬nh thÆ°á»ng thÃ´i, nhÆ°ng vá»›i anh thÃ¬ má»™t ngÃ y cÅ©ng dÃ i Ä‘áº±ng Ä‘áºµng ká»ƒ tá»« chuyá»‡n Ä‘Ã³, anh cá»© lo láº¯ng khÃ´ng biáº¿t em sáº½ quyáº¿t Ä‘á»‹nh tháº¿ nÃ o vÃ  khi nÃ o em má»›i nÃ³i cho anh biáº¿t."
"Day 3, I'm getting restless.. -FZR-","NgÃ y thá»© ba rá»“i, mÃ¬nh báº¯t Ä‘áº§u sá»‘t ruá»™t quÃ¡."
"Isn't it weird when you suddenly enter the stage where you can't communicate with other people.. feeling lazy + anxious, it's one thing Â²","Tháº­t ká»³ láº¡ khi bá»—ng dÆ°ng mÃ¬nh rÆ¡i vÃ o tráº¡ng thÃ¡i cháº³ng thá»ƒ giao tiáº¿p vá»›i ai, láº¡i cÃ²n lÆ°á»i biáº¿ng vÃ  lo láº¯ng ná»¯a, Ä‘Ãºng lÃ  má»™t cá»±c hÃ¬nh."
"It's morning, but I'm nervous, what's going on?","SÃ¡ng rá»“i mÃ  tÃ´i váº«n lo láº¯ng, chuyá»‡n gÃ¬ Ä‘ang xáº£y ra váº­y?"
I'm so nervous I feel why,TÃ´i há»“i há»™p Ä‘áº¿n ná»—i khÃ´ng hiá»ƒu sao ná»¯a.
"Don't worry about what you did yesterday, it's enough to be happy if you are able to accept it all.","Äá»«ng lo láº¯ng vá» nhá»¯ng gÃ¬ Ä‘Ã£ qua, Ä‘Æ°á»£c cháº¥p nháº­n táº¥t cáº£ Ä‘Ã£ lÃ  háº¡nh phÃºc rá»“i."
sleep really restless duh don't like it,"ÄÃªm qua ngá»§ khÃ´ng yÃªn, chÃ¡n ghÃª!"
I swear I've been feeling restless since morning,TÃ´i cá»© bá»“n chá»“n mÃ£i tá»« sÃ¡ng Ä‘áº¿n giá».
Galaxy opal giannis makes me cum,ViÃªn Ä‘Ã¡ Opal Galaxy cá»§a Giannis khiáº¿n tÃ´i phÃ¡t Ä‘iÃªn.
the harmonization HSUHSI Ã¢ Â¤Ã¯Â¸,Sá»± hÃ i hÃ²a HSUHSI â¤ï¸â€ğŸ©¹
This morning feels like the wind is really Eid,SÃ¡ng nay giÃ³ nhÆ° mang cáº£ khÃ´ng khÃ­ Táº¿t.
"here who likes to make fmv, what apps do you use?? I found a good song and thought I wanted to make a fmv like this",CÃ³ ai thÃ­ch lÃ m FMV khÃ´ng nhá»‰? Máº¥y báº¡n dÃ¹ng app gÃ¬ váº­y? Tá»› tÃ¬m Ä‘Æ°á»£c bÃ i hÃ¡t hay muá»‘n lÃ m FMV theo kiá»ƒu nÃ y quÃ¡!
km or not me?,Äi hay khÃ´ng Ä‘i?
"4 years studying engineering, salary work like an operator, a real pig","Há»c ká»¹ sÆ° bá»‘n nÄƒm, lÆ°Æ¡ng thÃ¬ lÃ m cÃ´ng nhÃ¢n, khá»• thÃ¢n!"
"Mutual Skuy. All Fandom, Sabi lah!! Help Rt/like yaa","CÃ¹ng nhau á»§ng há»™ nha cáº£ nhÃ , giÃºp retweet/like nhÃ©!"
I don't hate it. But why do I have a grudge?,"TÃ´i khÃ´ng ghÃ©t nÃ³, nhÆ°ng sao tÃ´i láº¡i áº¥m á»©c tháº¿ nÃ y?"
who's on vacation?,Ai Ä‘ang nghá»‰ phÃ©p?
Amigos whats up?,"Báº¡n bÃ¨, cÃ³ gÃ¬ má»›i váº­y?"
"Want to rant a little.. You know that if your friends are 'hostile' with your other friends, it's not a strange thing, this isn't the first time you've experienced something like this... but it still sucks, because both are important to me...","Muá»‘n ká»ƒ lá»ƒ má»™t chÃºtâ€¦ Biáº¿t lÃ  báº¡n bÃ¨ mÃ¬nh â€œcáº¡ch máº·tâ€ nhau cÅ©ng cháº³ng láº¡ gÃ¬, Ä‘Ã¢u pháº£i láº§n Ä‘áº§u gáº·p chuyá»‡n nÃ yâ€¦ nhÆ°ng váº«n khÃ³ chá»‹u, vÃ¬ cáº£ hai Ä‘á»u quan trá»ng vá»›i mÃ¬nh."
"There is a WA from an unknown number and he doesn't introduce himself, sorry, I won't reply.","CÃ³ tin nháº¯n WhatsApp tá»« sá»‘ láº¡ khÃ´ng ghi tÃªn, xin lá»—i, mÃ¬nh khÃ´ng tráº£ lá»i."
"Peace be upon you, O Messenger of Allah","KÃ­nh chÃºc NgÃ i bÃ¬nh an, Sá»© giáº£ cá»§a ThÆ°á»£ng Ä‘áº¿."
"check pin moots, thx u yaa!!","Kiá»ƒm tra tin nháº¯n cá»§a má»i ngÆ°á»i nha, cáº£m Æ¡n nhiá»u!!"
Can't watch vivo for 4 more hours otw pls â„¢Æ’,"Pháº£i 4 tiáº¿ng ná»¯a má»›i xem Ä‘Æ°á»£c Vivo, lÃ m Æ¡n!"
como q se murio jyp q dicenn,Sao láº¡i báº£o JYP máº¥t rá»“i?
help me make card dong,GiÃºp mÃ¬nh lÃ m thiá»‡p nhÃ©.
the cycle; make wl Ã¢â‚¬â€œ got Ã¢â‚¬â€œ haven't arrived home yet i don't have a crush,VÃ²ng quay cá»© tháº¿; lÃ m viá»‡c â€“ vá» â€“ chÆ°a vá» nhÃ  â€“ váº«n chÆ°a thÃ­ch ai.
"The rep is tar first, you want to cook with your favorite plates and pots that are waiting for you","Äáº¡i diá»‡n sáº½ Ä‘áº¿n trÆ°á»›c, báº¡n sáº½ Ä‘Æ°á»£c náº¥u Äƒn vá»›i bá»™ ná»“i niÃªu xoong cháº£o yÃªu thÃ­ch Ä‘ang chá» báº¡n."
"Start your day with intention and a smile, because mood always affects your day. ï¸","Báº¯t Ä‘áº§u ngÃ y má»›i vá»›i má»¥c Ä‘Ã­ch rÃµ rÃ ng vÃ  ná»¥ cÆ°á»i tÆ°Æ¡i, vÃ¬ tÃ¢m tráº¡ng quyáº¿t Ä‘á»‹nh cáº£ ngÃ y."
ETDAHHH SHAME BET ME,Xáº¥u há»• cháº¿t máº¥t!
"Crazy!! I just woke up at 9.30, I already know I'm late for work, I can still tweet first hahaha","Trá»i Æ¡i! Má»›i 9 giá» rÆ°á»¡i mÃ  dáº­y, Ä‘i lÃ m muá»™n rá»“i, nhÆ°ng váº«n pháº£i tweet Ä‘Ã£, hahaha!"
Aren't you tired of living life without using your brain?,Cháº³ng má»‡t má»i sao khi sá»‘ng mÃ  khÃ´ng Ä‘á»™ng nÃ£o?
"Please help, I'm still panicking. My glue gun just came out of fire I immediately fell to the floor","Cá»©u tÃ´i vá»›i, tÃ´i váº«n Ä‘ang hoáº£ng loáº¡n, sÃºng báº¯n keo cá»§a tÃ´i vá»«a bá»‹ chÃ¡y vÃ  tÃ´i láº­p tá»©c ngÃ£ xuá»‘ng sÃ n."
even though I don't do tiring activities but it can get sick -_- I don't understand anymore,"DÃ¹ cháº³ng lÃ m gÃ¬ má»‡t má»i mÃ  váº«n cá»© á»‘m, chá»‹u khÃ´ng ná»•i ná»¯a!"
Josss,Tuyá»‡t vá»i!
"This year I still get a gratuity, next year I will give 15 gratuity, which gives min gocap/cepe wow stress wallet w","NÄƒm nay váº«n Ä‘Æ°á»£c thÆ°á»Ÿng, nÄƒm sau mÃ¬nh thÆ°á»Ÿng 15, háº¿t há»“n vÃ­ tiá»n quÃ¡!"
otw order this gofood,MÃ¬nh Ä‘ang Ä‘áº·t Gofood.
oh my god the temperature is rising again hdhshshs sad,"Ã”i trá»i Æ¡i, nhiá»‡t Ä‘á»™ láº¡i tÄƒng ná»¯a rá»“i, buá»“n quÃ¡!"
I swear all of you,TÃ´i thá» vá»›i táº¥t cáº£ cÃ¡c ngÆ°á»i.
"And only belongs to Allah the kingdom of the heavens and the earth. He forgives whom He wills, and will punish whom He wills. And Allah is Forgiving, Most Merciful. (Surat al-Fath [48]: 14) #Strive to uphold Sharia.","Chá»‰ cÃ³ Allah má»›i lÃ  chá»§ tá»ƒ cá»§a trá»i Ä‘áº¥t, NgÃ i tha thá»© cho ai NgÃ i muá»‘n vÃ  trá»«ng pháº¡t ai NgÃ i muá»‘n. Allah lÃ  Äáº¥ng tha thá»©, Äáº¥ng nhÃ¢n tá»« vÃ´ lÆ°á»£ng.  (HÃ£y ná»— lá»±c gÃ¬n giá»¯ Sharia.)"
Ya Allah I forgot that today I started fasting again EVEN WANT TO FRY EGGS,"Ã”i ChÃºa Æ¡i, tÃ´i quÃªn máº¥t hÃ´m nay láº¡i lÃ  ngÃ y Äƒn chay, mÃ  thÃ¨m trá»©ng rÃ¡n quÃ¡!"
"coming home tired, the road from the parking lot to school is far away","Má»‡t má»i trá»Ÿ vá» nhÃ , Ä‘Æ°á»ng tá»« bÃ£i Ä‘á»— xe Ä‘áº¿n trÆ°á»ng sao mÃ  xa tháº¿."
"Insaan hi Insaan ko .Dass raha hai, .Saanp side mein .Baith kar hass raha hai","Con ngÆ°á»i Ä‘ang háº¡i con ngÆ°á»i, con ráº¯n ngá»“i bÃªn cáº¡nh cÆ°á»i."
Was lamenting the stuck jnt package.,Äang buá»“n vÃ¬ gÃ³i hÃ ng jnt bá»‹ káº¹t.
Grow up,Lá»›n lÃªn Ä‘i.
Do you play Zepeto? Let's be mutual? Just drop your id <3,"ChÆ¡i Zepeto khÃ´ng? Káº¿t báº¡n Ä‘i, cho ID mÃ¬nh nha <3"
"if there is following this account, then I'm afraid to make a connection","Náº¿u tÃ i khoáº£n nÃ y cÃ³ ngÆ°á»i theo dÃµi, tÃ´i ngáº¡i káº¿t ná»‘i."
I rarely hug mom,MÃ¬nh Ã­t khi Ã´m máº¹.
"What's the protest, my dog â€‹â€‹doesn't tw","Chuyá»‡n gÃ¬ Ä‘ang xáº£y ra váº­y, con chÃ³ nhÃ  tÃ´i khÃ´ng lÃ m sao cáº£."
"body comparison that doesn't make sense, I'M CRAZY Screaming","So sÃ¡nh thÃ¢n thá»ƒ vÃ´ lÃ½, TÃ”I ÄANG PHÃT ÄIÃŠN gÃ o lÃªn!"
Sraaahhhhh 150 ms,"Ráº§m má»™t cÃ¡i, máº¥t 150 mili giÃ¢y."
"Possessive right, afraid it won't work, boss?","Sá»£ quyá»n sá»Ÿ há»¯u nÃ y khÃ´ng hiá»‡u quáº£, sáº¿p?"
I suddenly feel sick #.,TÃ´i Ä‘á»™t nhiÃªn tháº¥y buá»“n nÃ´n.
"I'm a bit tired, all the raya cookies, I made just one person â€“ my brother is the lazy one","Má»‡t nhoÃ i rá»“i, lÃ m cáº£ Ä‘á»‘ng bÃ¡nh Raya mÃ  chá»‰ cÃ³ má»—i anh em mÃ¬nh Äƒn, háº¯n lÆ°á»i láº¯m!"
Just finished the play,Vá»«a xem xong vá»Ÿ ká»‹ch.
what time is mv dream released?,Phim cá»§a tÃ´i ra máº¯t lÃºc máº¥y giá» váº­y?
"ded, Wednesday presentation of 2 cases :')","Ã”i dÃ o, thuyáº¿t trÃ¬nh hai case vÃ o thá»© TÆ° nÃ y :')"""
"Now I always wake up regularly, sit ups 3 x 15 reps, stretching, and push ups 2 x 30 reps â€¦","Giá» mÃ¬nh dáº­y Ä‘Ãºng giá», táº­p bá»¥ng 3 hiá»‡p má»—i hiá»‡p 15 láº§n, táº­p giÃ£n cÆ¡, vÃ  hÃ­t Ä‘áº¥t 2 hiá»‡p má»—i hiá»‡p 30 láº§nâ€¦"
"I have 2 songs recommendation now I forget about it because it was just extended by Apple Music Now, so I forgot to regret it",MÃ¬nh Ä‘á»‹nh recommend hai bÃ i hÃ¡t nhÆ°ng quÃªn máº¥t rá»“i vÃ¬ Apple Music vá»«a má»›i cáº­p nháº­t nÃªn mÃ¬nh quÃªn cáº£ viá»‡c tiáº¿c nuá»‘i ná»¯a.
"Damn the Honda car, I'm a slave, I've only done it for a month to borrow hahahaha","Cháº¿t tiá»‡t cÃ¡i xe Honda, tao thÃ nh nÃ´ lá»‡ rá»“i, má»›i lÃ m cÃ³ thÃ¡ng mÃ  pháº£i Ä‘i vay tiá»n, hahaha!"
Still at home,Váº«n á»Ÿ nhÃ .
I continue to not be disappointed after I asked to follow this. Monday blues what????,TÃ´i váº«n tháº¥y khÃ´ng há»‘i háº­n khi theo dÃµi Ä‘iá»u nÃ y.  Thá»© Hai uá»ƒ oáº£i gÃ¬ chá»©?!
"press like to be friends with ava seulgi, neeways don't forget to check","ThÃ­ch bÃ i viáº¿t Ä‘á»ƒ lÃ m báº¡n vá»›i Ava Seulgi nha, nhá»› xem ná»¯a Ä‘Ã³!"
Heh?,Háº£?
Mask people,Nhá»¯ng káº» Ä‘eo máº·t náº¡.
Okay done mama,ÄÆ°á»£c rá»“i máº¹.
tenage time,Thá»i thanh xuÃ¢n.
Bae!,Dáº¡ em!
Whats up brother,Chuyá»‡n gÃ¬ tháº¿ báº¡n?
Okay done my brother,ÄÆ°á»£c rá»“i anh.
Keep Sabr!,HÃ£y kiÃªn nháº«n!
SABAR MANDI DULU BARU MAU HYPE,"Chá» Ä‘Ã£, hype sau."
I will go switzerland,TÃ´i sáº½ Ä‘i Thá»¥y SÄ©.
"It's good to be eye literate, receive 300 thousand","Tháº­t tuyá»‡t khi am hiá»ƒu thá»‹ trÆ°á»ng, thu vá» 300 nghÃ¬n."
"Let's start again, no one replies to my chats","MÃ¬nh báº¯t Ä‘áº§u láº¡i thÃ´i, cháº³ng ai tráº£ lá»i tin nháº¯n cá»§a mÃ¬nh cáº£."
"fck zooming in for more than an hour has been postponed, when people are gone, they just respond, it's not clear 'Å½","ChÃ¡n cháº¿t, viá»‡c zoom cáº£ tiáº¿ng Ä‘á»“ng há»“ bá»‹ hoÃ£n rá»“i, ngÆ°á»i ta Ä‘i háº¿t má»›i tráº£ lá»i, cháº³ng hiá»ƒu sao ná»¯a!"
"This girl, if she wears a hood, she's wearing a snowcap, I look like a girl, it's not true","CÃ´ gÃ¡i nÃ y, náº¿u Ä‘á»™i mÅ© trÃ¹m Ä‘áº§u thÃ¬ láº¡i Ä‘á»™i mÅ© len, trÃ´ng tÃ´i giá»‘ng con gÃ¡i, khÃ´ng pháº£i Ä‘Ã¢u."
I give up!,TÃ´i chá»‹u!
Boey 101,BÃ¡ch khoa toÃ n thÆ° Boey.
Hate the dream doesn't end,GhÃ©t cÃ¡i giáº¥c mÆ¡ khÃ´ng bao giá» káº¿t thÃºc.
"look at the template, TT 1 typo","NhÃ¬n máº«u nÃ y, thiáº¿u má»™t lá»—i Ä‘Ã¡nh mÃ¡y."
Wanna eat first?,Ä‚n trÆ°á»›c Ä‘i nhÃ©?
Want to take a shower first,Muá»‘n táº¯m trÆ°á»›c Ä‘Ã£.
Just on again,Láº¡i ná»¯a rá»“i.
"After studying the diversity of students and having an overview of the characteristics of students, we can make a learning plan that is appropriate and can accommodate all the diversity that exists in the class..#GBBInclusive #PendidikanInlusif","Hiá»ƒu Ä‘Æ°á»£c sá»± Ä‘a dáº¡ng vÃ  Ä‘áº·c Ä‘iá»ƒm cá»§a há»c sinh, chÃºng ta cÃ³ thá»ƒ láº­p káº¿ hoáº¡ch há»c táº­p phÃ¹ há»£p vÃ  bao trÃ¹m má»i sá»± khÃ¡c biá»‡t trong lá»›p."
"Alhamdulillah, there are many who are caring. I is sebak. Sobsob :,)","Táº¡ Æ¡n ChÃºa, cÃ³ nhiá»u ngÆ°á»i tá»‘t bá»¥ng, lÃ²ng mÃ¬nh trÃ n ngáº­p cáº£m xÃºc."
"""Dear women"" Later on Eid, don't ask for forgiveness, okay.. women are always right.","Chá»‹ em Æ¡i, lá»… xong Ä‘á»«ng xin lá»—i nhÃ©, phá»¥ ná»¯ luÃ´n Ä‘Ãºng mÃ ."
crying again..,Láº¡i khÃ³c rá»“iâ€¦
Bj! Need who can analyze the application for judicial review of the Court. drop v plsss,Cáº§n ngÆ°á»i phÃ¢n tÃ­ch Ä‘Æ¡n khÃ¡ng Ã¡n gáº¥p!
"nctn! Is there anyone who will restock the reusable cup js or not, will there be a budget later because huhu:"") or can someone book a small slot, pay right away, thanks","Ã”i trá»i Æ¡i! CÃ³ ai chá»‹u Ä‘i Ä‘áº·t thÃªm cá»‘c tÃ¡i sá»­ dá»¥ng hay khÃ´ng tháº¿, hay lÃ  lÃ¡t ná»¯a má»›i cÃ³ kinh phÃ­, huhu :(  Hoáº·c ai Ä‘Ã³ Ä‘áº·t giÃºp má»™t Ã­t Ä‘i, tráº£ tiá»n ngay luÃ´n nhÃ©, cáº£m Æ¡n!"
Nabihah IqbalÃ¢â‚¬â€Zone 1 to 6000,Nabihah Iqbal: Tá»« khu vá»±c 1 Ä‘áº¿n 6000.
"If you arrive in Indonesia, how much will it be?","Náº¿u Ä‘áº¿n Indonesia, háº¿t bao nhiÃªu tiá»n?"
Is jealousy normal?,Ghen tuÃ´ng cÃ³ pháº£i lÃ  chuyá»‡n bÃ¬nh thÆ°á»ng khÃ´ng?
My brother will definitely get it,Anh trai tÃ´i nháº¥t Ä‘á»‹nh sáº½ cÃ³ Ä‘Æ°á»£c nÃ³.
Dreamies that CB I'm excited about,Nhá»¯ng giáº¥c mÆ¡ mÃ  tÃ´i hÃ¡o há»©c chá» Ä‘á»£i.
"Come on, what do you say to dreamies","ThÃ´i nÃ o, bÃ¡nh mÃ¬ kem cÃ³ ngon khÃ´ng?"
"Who is koro koro this morning """,SÃ¡ng nay ai á»“n Ã o tháº¿?
"You don't have to know, ayuri, you don't have to know.","Ayuri, khÃ´ng cáº§n biáº¿t Ä‘Ã¢u, khÃ´ng cáº§n biáº¿t Ä‘Ã¢u."
Morning,ChÃ o buá»•i sÃ¡ng.
"The difference is small, the big one is humanity","Sá»± khÃ¡c biá»‡t nhá» thÃ´i, Ä‘iá»u quan trá»ng lÃ  tÃ¬nh ngÆ°á»i."
"eh, haven't bought an envelope yet, oh my God â€“..BUTTEREADY ON BBMAS ..I vote for 'BTS' #Dynamite for ( Son Sung Deuk ) for #FaveChoreography at #iHeartAwards","Ã”i trá»i, chÆ°a mua phong bÃ¬ ná»¯a, nhÆ°ng mÃ  BTS Ä‘Ã£ vÃ o Ä‘á» cá»­ BBMAs rá»“i! MÃ¬nh Ä‘ang vote cho ""Dynamite"" cá»§a há» (Son Sung Deuk) cho háº¡ng má»¥c BiÃªn Ä‘áº¡o mÃºa Ä‘Æ°á»£c yÃªu thÃ­ch nháº¥t táº¡i #iHeartAwards."
"NCT DREAM MILLION SELLER. The youngest child is officially a millon seller very happy Â², let's be double millon seller for dreamies..Sijeuni is also welcome for later and thank you very much for sijeuni for making dremies become million seller luv u sijeuniÃ°Å¸' 'Å¡","NCT DREAM Ä‘Ã£ bÃ¡n Ä‘Æ°á»£c triá»‡u báº£n!  Em Ãºt chÃ­nh thá»©c lÃ  triá»‡u phÃº, vui gáº¥p Ä‘Ã´i luÃ´n!  CÃ¹ng hÆ°á»›ng Ä‘áº¿n hai triá»‡u báº£n nÃ o, Dreamies!  Cáº£m Æ¡n Sijeuni ráº¥t nhiá»u, yÃªu cÃ¡c báº¡n!"
this seems to be a flop â€,DÆ°á»ng nhÆ° vá»¥ nÃ y tháº¥t báº¡i rá»“i.
como q jyp palmo,Sao JYP láº¡i lÃ m tháº¿?
"I miss feeling the atmosphere while walking around, there are people selling lemang at the edge of the road ""","TÃ´i nhá»› cáº£m giÃ¡c dáº¡o chÆ¡i, ngáº¯m nhÃ¬n má»i ngÆ°á»i bÃ¡n Lemang ven Ä‘Æ°á»ng."
"ML! In your opinion, who is the most worth it starlight skin, guys?","Theo cÃ¡c báº¡n, skin starlight nÃ o Ä‘Ã¡ng mua nháº¥t nhá»‰?"
Is tl alive for dsmp sona art? :D,Fanart DSMP cho sona cÃ²n hoáº¡t Ä‘á»™ng khÃ´ng nhá»‰? :D
Kim Seokjin...,Kim Seokjinâ€¦
Hey I'm back,MÃ¬nh vá» rá»“i.
I miss you,TÃ´i nhá»› báº¡n.
this chick is so cute,Con bÃ© nÃ y dá»… thÆ°Æ¡ng quÃ¡!
'â„¢ morning bi! does anyone have au moonbae or not??,ChÃ o buá»•i sÃ¡ng Bi! CÃ³ ai cÃ³ moonbae khÃ´ng??
Sorry for being late,Xin lá»—i vÃ¬ Ä‘áº¿n muá»™n.
"Hurry up for sahur. where is my water? It's crazy how fast I cook, I want fried rice from the eye egg villageÃ¢â‚¬ .. it's fun to play with these requests hahahah I'm not a wife yet","Nhanh lÃªn bá»¯a sahur nÃ o, nÆ°á»›c Ä‘Ã¢u rá»“i?  Náº¥u Äƒn nhanh kinh khá»§ng, mÃ¬nh muá»‘n Äƒn cÆ¡m rang lÃ ng trá»©ng máº¯t áº¥y!  ÄÃ¹a vá»›i máº¥y yÃªu cáº§u nÃ y vui tháº­t, hahaha, chÆ°a vá»£ nhÃ©!"
"[bb] If after waxing, what should I wear? or what good?",ChÄƒm sÃ³c da sau khi waxing thÃ¬ nÃªn máº·c gÃ¬ cho tá»‘t nhá»‰?
joder yoongi te amo granny,"Trá»i Æ¡i Yoongi, bÃ  yÃªu anh!"
we love ni-ki,ChÃºng mÃ¬nh yÃªu Nicky.
let's talk about this,MÃ¬nh nÃ³i chuyá»‡n vá» chuyá»‡n nÃ y nhÃ©.
it's complicated,Ráº¯c rá»‘i láº¯m.
"The closer I get to Eid, the more resigned I am to the exam, I don't know what to answer wkkwwk what's the deal Â²Ã°Å¸ Â»","CÃ ng gáº§n Ä‘áº¿n ngÃ y lá»… Eid, tÃ´i cÃ ng cam chá»‹u vá»›i bÃ i kiá»ƒm tra, khÃ´ng biáº¿t tráº£ lá»i sao ná»¯a, hu hu."
Helloooooooo 7 hours left,ChÃ o Æ¡â€¦ cÃ²n 7 tiáº¿ng ná»¯a!
can't go to Eid prayer again huft,"Láº¡i khÃ´ng Ä‘i lá»… Eid Ä‘Æ°á»£c ná»¯a, chÃ¡n quÃ¡!"
ihhh gile if the co album itself from ktown is very expensive the shipping is gone. total shopping w 19.21 USD trs shipping is 20.07 USD.,"á»i giá»i Æ¡i, album Ktown Ä‘áº¯t tháº­t, phÃ­ ship láº¡i cÃ²n cao ná»¯a chá»©, tá»•ng cá»™ng 19.21 USD mÃ  phÃ­ ship Ä‘Ã£ 20.07 USD rá»“i!"
remember me and bananas imagining levi being a policeman at the homecoming guard post and hanging on reckless... in the end they got into a fight...,"Nhá»› tÃ´i vÃ  chuá»‘i nhÃ©, tÆ°á»Ÿng tÆ°á»£ng Levi lÃ m cáº£nh sÃ¡t á»Ÿ chá»‘t trá»±c lá»… há»™i rá»“i láº¡i lÃ m liá»uâ€¦ cuá»‘i cÃ¹ng hai ngÆ°á»i Ä‘Ã¡nh nhau máº¥tâ€¦"
i love ni-ki,TÃ´i yÃªu Ni-ki.
"0822-3060-4598, Benhut Blue Polos T-shirt, Blue Polos T-shirt Front and Back #kaospolos #kaosgildan","Ão phÃ´ng polo Benhut mÃ u xanh dÆ°Æ¡ng, sá»‘ Ä‘iá»‡n thoáº¡i Ä‘áº·t hÃ ng: 0822-3060-4598 (áº£nh trÆ°á»›c vÃ  sau) #kaospolos #kaosgildan"
"Be patient, tick :') remember, the installment hasn't been paid off yet.","KiÃªn nháº«n nÃ o, cÆ°ng :') nhá»› lÃ  tiá»n tráº£ gÃ³p váº«n chÆ°a xong nha."
"Dreamies nunna is so proud of you guys, it's not in vain, I waited 5 years to get my 1st full album and then it's 7 dreams. You all deserve this. Thanks for our dreamzen fellas","Máº¹ Dreamies ráº¥t tá»± hÃ o vá» cÃ¡c con, nhá»¯ng ná»— lá»±c cá»§a cÃ¡c con khÃ´ng uá»•ng phÃ­, máº¹ Ä‘Ã£ chá» 5 nÄƒm má»›i cÃ³ Ä‘Æ°á»£c album Ä‘áº§u tiÃªn vÃ  giá» lÃ  7 giáº¥c mÆ¡ rá»“i. CÃ¡c con xá»©ng Ä‘Ã¡ng vá»›i Ä‘iá»u nÃ y. Cáº£m Æ¡n cÃ¡c Dreamzen nhÃ©!"
Monday's turn feels like Sunday,Thá»© Hai mÃ  cá»© nhÆ° chá»§ nháº­t.
THANKS TO CRES FOR PAIDING MY WL PC,Cáº£m Æ¡n CRES Ä‘Ã£ tráº£ tiá»n mÃ¡y tÃ­nh cá»§a mÃ¬nh.
telepathy???????,Tháº§n giao cÃ¡ch cáº£m?????
Alhamdulillah for our parents,Cáº£m Æ¡n ChÃºa vÃ¬ cha máº¹ chÃºng ta.
"""I'm proud to be married to you."" I said when I was expecting Koco","LÃºc mang báº§u Koco, anh Ä‘Ã£ nÃ³i ráº±ng anh tá»± hÃ o vÃ¬ Ä‘Æ°á»£c cÆ°á»›i em."
"It's Mother's Day but I'm in pain from noon to night. I massaged at the new place, after that, I went to buy stuff and I got dizzy and dizzy for more than 2 hours. Until the house is brave, don't cook to open it. Pstu Hbs Isha, Tuam Ais' husband at 4 places who is crazy sick. skit relief. But still sick","NgÃ y cá»§a máº¹ mÃ  tá»« trÆ°a Ä‘áº¿n tá»‘i em Ä‘au muá»‘n cháº¿t, Ä‘i massage á»Ÿ chá»— má»›i xong láº¡i Ä‘i mua Ä‘á»“ rá»“i chÃ³ng máº·t khÃ´ng biáº¿t gÃ¬ hÆ¡n hai tiáº¿ng, vá» Ä‘áº¿n nhÃ  váº«n má»‡t nhoÃ i, cháº³ng náº¥u nÆ°á»›ng Ä‘Æ°á»£c gÃ¬.  Chá»“ng em á»Ÿ táº­n bá»‘n nÆ¡i, á»‘m náº·ng quÃ¡, giá» Ä‘á»¡ chÃºt rá»“i nhÆ°ng váº«n chÆ°a khá»i háº³n."
Hi! Text me,Alo! Nháº¯n tin cho mÃ¬nh nha!
why are my friends bored with life,Sao báº¡n bÃ¨ mÃ¬nh láº¡i chÃ¡n sá»‘ng tháº¿?
"-rek, please recommend a boarding house in the lontar area, if there is a price, yes. looking for it at mamikos is not comfortable, ehehe, thank you","ÃŠ báº¡n Æ¡i, cho mÃ¬nh xin vÃ i gá»£i Ã½ nhÃ  trá» khu Lontar xem, cÃ³ giÃ¡ cáº£ cÃ ng tá»‘t nha. TÃ¬m trÃªn Mamikos tháº¥y khÃ³ chá»‹u quÃ¡, hehe, cáº£m Æ¡n nhÃ©!"
"His name has a new life, I really don't want to ride with my parents or in-laws... let me be independent hehehe","TÃªn anh áº¥y giá» cÃ³ Ã½ nghÄ©a khÃ¡c rá»“i,  mÃ¬nh thá»±c sá»± khÃ´ng muá»‘n Ä‘i chung vá»›i bá»‘ máº¹ hay há» hÃ ngâ€¦ Ä‘á»ƒ mÃ¬nh tá»± láº­p Ä‘i hehehe"
Egg is good,Trá»©ng ráº¥t tá»‘t.
We love messi & maradona,ChÃºng tÃ´i yÃªu Messi vÃ  Maradona.
"Minal aidzin walfaidzin, please make it Halalin, don't play with it","ChÃºc má»«ng nÄƒm má»›i, lÃ m Æ¡n hÃ£y lÃ m cho nÃ³ halal, Ä‘á»«ng chÆ¡i Ä‘Ã¹a vá»›i nÃ³."
have you had breakfast yet?,Anh/Chá»‹ Ä‘Ã£ Äƒn sÃ¡ng chÆ°a?
Morning 'â€¢. What scorpion partner? Yup that's right he is a scorpion queen Â°,"ChÃ o buá»•i sÃ¡ng!  ÄÃ³ lÃ  báº¡n Ä‘á»i cá»§a anh áº¥y Ã ? ÄÃºng rá»“i, Ä‘Ã³ lÃ  má»™t ná»¯ hoÃ ng bá» cáº¡p."
"Ã¢ kebo kebo what makes you tired? No need to answer right away, let's be mutual hayukkk -ava jaemin","ÃŠ káº¹o káº¹o, sao láº¡i má»‡t tháº¿? KhÃ´ng cáº§n tráº£ lá»i ngay Ä‘Ã¢u, mÃ¬nh cÃ¹ng nhau nha - Ava Jaemin."
"Seeing the sunny weather this morning after it rained for 4 days, mothers were excited to take out the laundry and take action, after that they smiled with relief looking at the clothesline in the hot sun and ""Let's sunbathe"" don't get vitamin D deficiency the cost of treating covid is ""expensive"" he said Ã°Å¸ â¤","Máº¥y bÃ  máº¹ má»«ng rá»¡ vá»™i vÃ£ phÆ¡i Ä‘á»“ dÆ°á»›i náº¯ng vÃ ng rá»±c rá»¡ sau bá»‘n ngÃ y mÆ°a táº§m tÃ£, rá»“i nhÃ¬n chÃ¹m quáº§n Ã¡o phÆ¡i ngoÃ i náº¯ng áº¥m, tÆ°Æ¡i cÆ°á»i nháº¹ nhÃµm: ""PhÆ¡i náº¯ng láº¥y vitamin D thÃ´i, máº¯c Covid tá»‘n kÃ©m láº¯m!"""
"Alhamdulillah, this year I feel like Eid with my family again","Cáº£m Æ¡n ChÃºa, nÄƒm nay tÃ´i láº¡i Ä‘Æ°á»£c Ä‘Ã³n lá»… Eid cÃ¹ng gia Ä‘Ã¬nh."
"I was told by my aunt to persuade her child to enter the department she wanted.... Well, auntie, it didn't work, how about me :(","DÃ¬ báº£o tÃ´i thuyáº¿t phá»¥c con dÃ¬ vÃ o khoa dÃ¬ muá»‘nâ€¦ thÃ´i thÃ¬ dÃ¬ Æ¡i, khÃ´ng Ä‘Æ°á»£c, giá» thÃ¬ sao Ä‘Ã¢y :("
"Never met but dream of holding hands, you're stupid â„¢Æ’","ChÆ°a tá»«ng gáº·p nhÆ°ng mÆ¡ Æ°á»›c Ä‘Æ°á»£c náº¯m tay, Ä‘á»“ ngá»‘c."
"I didn't wake up, I was a bit surprised to see the clock I thought it was 8 o'clock, apparently it's still 7 o'clock and ended up dizzy and unsteady â„¢Æ’. I do have low blood pressure","TÃ´i khÃ´ng tá»‰nh háº³n, giáº­t mÃ¬nh khi tháº¥y Ä‘á»“ng há»“ má»›i 7 giá» chá»© khÃ´ng pháº£i 8 giá» nhÆ° tÃ´i tÆ°á»Ÿng, tháº¿ lÃ  hoa máº¯t chÃ³ng máº·t, cháº¯c do huyáº¿t Ã¡p tháº¥p."
"If he doesn't want it, then you don't have to force it",Náº¿u anh áº¥y khÃ´ng muá»‘n thÃ¬ thÃ´i.
Kde dil de Warke fol ve utte. Mera naan ta nhi likhya.Kde dil de Warke fol Ã¢ Ã¢,"Tim tÃ´i tan nÃ¡t, rÃ£ rá»i. TÃªn tÃ´i khÃ´ng Ä‘Æ°á»£c viáº¿t lÃªn Ä‘Ã³. Tim tÃ´i tan nÃ¡t, rÃ£ rá»i."
"if there was a man who said to me like this: ""I'm ready to wait for you until your education is finished"".. sksk how happy my heart is","Náº¿u cÃ³ ngÆ°á»i nÃ³i vá»›i tÃ´i ráº±ng: ""Anh sáºµn sÃ ng Ä‘á»£i em Ä‘áº¿n khi em há»c xong"", trá»i Æ¡i tim mÃ¬nh vui quÃ¡!"
morning,SÃ¡ng rá»“i.
Hope is a good thing may be the best of things and no good thing ever dies,"Hy vá»ng lÃ  Ä‘iá»u tá»‘t Ä‘áº¹p, cÃ³ láº½ lÃ  Ä‘iá»u tá»‘t Ä‘áº¹p nháº¥t, vÃ  cháº³ng Ä‘iá»u tá»‘t Ä‘áº¹p nÃ o cháº¿t Ä‘i Ä‘Æ°á»£c."
Aaaaa turn on with guy who is good at cooking Â° can you be my husband? Ha ha,Æ¯á»›c gÃ¬ cÃ³ anh chÃ ng khÃ©o náº¥u Äƒn lÃ m chá»“ng mÃ¬nh nhá»‰!  Haha
let's clean up first so we can relax later in the afternoon 'â€¹,Dá»n dáº¹p xong rá»“i chiá»u mÃ¬nh chÆ¡i cho Ä‘Ã£ nhÃ©!
Purple has not been used since the green-green merger.,"Tá»« khi sÃ¡p nháº­p vá»›i cÃ´ng ty Xanh Xanh, mÃ u tÃ­m Ä‘Ã£ khÃ´ng Ä‘Æ°á»£c dÃ¹ng ná»¯a."
come back,Trá»Ÿ láº¡i Ä‘i.
Who here has 100% exchanged to Telegram instead of using WhatsApp. Anyone?,Ai á»Ÿ Ä‘Ã¢y Ä‘Ã£ chuyá»ƒn hoÃ n toÃ n sang Telegram thay vÃ¬ dÃ¹ng WhatsApp rá»“i?
Selfie competition keeps you sleepy ad nd y,Cuá»™c thi chá»¥p áº£nh tá»± sÆ°á»›ng lÃ m báº¡n buá»“n ngá»§ láº¯m.
those who have memes are tight for dong,CÃ³ meme thÃ¬ tiá»n eo háº¹p.
Oh ho I got scolarship,"Ã”i trá»i, tá»› Ä‘Æ°á»£c há»c bá»•ng rá»“i!"
"Listening to fengding, even onmic asw","Nghe nháº¡c Phá»¥ng ÄÃ¬nh, dÃ¹ chá»‰ qua loa cÅ©ng tháº¥y hay."
I don't understand this world.. the old t-shirts are used as crop tops,TÃ´i khÃ´ng hiá»ƒu ná»•i tháº¿ giá»›i nÃ y... Ã¡o phÃ´ng cÅ© láº¡i Ä‘Æ°á»£c dÃ¹ng lÃ m Ã¡o crop top.
OH GOD JONGIN HOW IS IT MORE CUTE BESTIE,"Ã”i trá»i Jong In, sao mÃ  dá»… thÆ°Æ¡ng tháº¿ nÃ y bestie!"
I got GPA 5.00,TÃ´i Ä‘áº¡t Ä‘iá»ƒm trung bÃ¬nh 5.00.
"Excuse me, can the green account please tag me? thanks in advanceÃ°Å¸Â¥ÂºÃ°Å¸'â€”..#zonauang #zonaba","ChÃ o báº¡n, tÃ i khoáº£n mÃ u xanh lÃ¡ cÃ¢y cho mÃ¬nh xin tag vá»›i Ä‘Æ°á»£c khÃ´ng? Cáº£m Æ¡n trÆ°á»›c nha! ğŸ’šğŸ™ #zonauang #zonaba"
"Geology is bad, bro?",Äá»‹a cháº¥t há»c chÃ¡n láº¯m háº£ báº¡n?
"I'm excited to buy glass from outside the city.. There's a guarantee, but it's still slow when you have to switch goods. Easy safe","MÃ¬nh ráº¥t hÃ o há»©ng Ä‘Æ°á»£c mua kÃ­nh á»Ÿ ngoÃ i thÃ nh phá»‘, dÃ¹ cÃ³ báº£o hÃ nh nhÆ°ng Ä‘á»•i tráº£ váº«n lÃ¢u, may mÃ  an toÃ n."
"solo booth, it's better if you all go far away sis","Em á»Ÿ trong phÃ²ng thu riÃªng, tá»‘t nháº¥t lÃ  má»i ngÆ°á»i trÃ¡nh xa má»™t chÃºt nhÃ© chá»‹."
"pen comment: that's a lot of pretentious effort dr 0, blah blah blah. until now, the work is not clear. But after being bullied by netizens, there are many who are fans of him. later we say boomer, the job is pi en ice...","BÃ¡c sÄ© 0 bÃ y Ä‘áº·t láº¯m chuyá»‡n, nÃ³i mÃ£i mÃ  váº«n cháº³ng rÃµ rÃ ng gÃ¬ cáº£; nhÆ°ng sau khi bá»‹ dÃ¢n máº¡ng nÃ©m Ä‘Ã¡ thÃ¬ láº¡i ná»•i tiáº¿ng, cuá»‘i cÃ¹ng thÃ¬ cÃ´ng viá»‡c cÅ©ng xong xuÃ´i."
Oh very. Tired right.,Má»‡t quÃ¡!
Pls comeback after announcement sbm dong,Vui lÃ²ng quay láº¡i sau khi cÃ³ thÃ´ng bÃ¡o vá» sá»± kiá»‡n SBM nhÃ©.
"The most adorable tele bot, bot just to deliver food, bye already","ChÃ o táº¡m biá»‡t nha, bot giao Ä‘á»“ Äƒn dá»… thÆ°Æ¡ng nháº¥t quáº£ Ä‘áº¥t!"
I'm really proud of you and dreamies it gives me goosebumps Ã¢Ëœ,"Tá»› tá»± hÃ o vá» cáº­u vÃ  Dreamies láº¯m, ná»•i da gÃ  luÃ´n!"
"hello help tag this account, this sick account","ChÃ o, giÃºp tÃ´i bÃ¡o cÃ¡o tÃ i khoáº£n bá»‡nh hoáº¡n nÃ y!"
"When will I have my own business at home, not working with people now. What's on hold","Bao giá» tÃ´i má»›i cÃ³ Ä‘Æ°á»£c cÃ´ng viá»‡c riÃªng táº¡i nhÃ , khÃ´ng pháº£i lÃ m viá»‡c vá»›i ai ná»¯a?  Chuyá»‡n gÃ¬ Ä‘ang bá»‹ trÃ¬ hoÃ£n váº­y?"
keep chasing until you die :),Cá»© Ä‘uá»•i theo Ä‘áº¿n hÆ¡i thá»Ÿ cuá»‘i cÃ¹ng!
"Trying to experiment again.. if you deact red account, it will be green or not â€","Thá»­ láº¡i xem saoâ€¦ náº¿u táº¯t tÃ i khoáº£n Ä‘á», liá»‡u nÃ³ cÃ³ chuyá»ƒn thÃ nh xanh khÃ´ng?"
"Bismillah, I'm doing an order for 150pcs burgers for tonight, tomorrow 70pcs, Wednesday 100pcs. smooth, good luck amen","ThÆ°a ChÃºa, con Ä‘áº·t 150 pháº§n bÃ¡nh mÃ¬ káº¹p thá»‹t cho tá»‘i nay, mai 70 pháº§n, thá»© TÆ° 100 pháº§n. Mong má»i viá»‡c thuáº­n lá»£i, xin ChÃºa phÃ¹ há»™."
"Ã¢ are we mutual? Ava, I'm Jeno, just like it","Ava, mÃ¬nh lÃ  Jeno, mÃ¬nh cÅ©ng thÃ­ch cáº­u Ä‘áº¥y."
"Seriously, I'm really sleepy. but i miss him","Tháº­t sá»± lÃ  buá»“n ngá»§ láº¯m rá»“i, nhÆ°ng nhá»› anh áº¥y quÃ¡."
JYP MURIO?,JYP máº¥t rá»“i Ã ?
Eh.. When was the last time [BP] came to MAMA?,Æ â€¦ Láº§n cuá»‘i cÃ¹ng [BP] Ä‘áº¿n MAMA lÃ  khi nÃ o nhá»‰?
"Mas, the bus is really fast, wooooooooooooooooooooooooooooooooooooooooooooooooooooooooooooooooooooooooooooooooooooood","Trá»i Æ¡i, xe buÃ½t cháº¡y nhanh quÃ¡!"
Hopefully Renjun will update at night so I don't miss it,Mong lÃ  tá»‘i nay Renjun sáº½ cáº­p nháº­t Ä‘á»ƒ mÃ¬nh khÃ´ng bá» lá»¡.
"There is a feeling of wanting to be able to bring a pickup so that if you buy a lot, you don't go back and forth. My little car is so sad it's full of stuff","Ã”i Æ°á»›c gÃ¬ cÃ³ chiáº¿c xe bÃ¡n táº£i, mua nhiá»u Ä‘á»“ tháº¿ nÃ y khÃ´ng pháº£i Ä‘i Ä‘i vá» vá» cho má»‡t, xe con bÃ© tÃ­ cá»§a mÃ¬nh cháº­t cá»©ng rá»“i."
"Waiting for 5 years paid in full, no credit '","Äá»£i 5 nÄƒm, tráº£ háº¿t tiá»n máº·t, khÃ´ng cáº§n tráº£ gÃ³p."
"I suddenly want a self reward by giving hampers to the big YL, hm",Tá»± nhiÃªn thÃ¨m muá»‘n tá»± thÆ°á»Ÿng cho mÃ¬nh báº±ng cÃ¡ch táº·ng giá» quÃ  cho YL lá»›n nhá»‰.
Don't come only when NEEDED. I am not GOD.,"Äá»«ng chá»‰ Ä‘áº¿n khi cáº§n, tÃ´i khÃ´ng pháº£i lÃ  ThÆ°á»£ng Ä‘áº¿."
ni-ki brilliant,Tuyá»‡t vá»i!
"In the middle of carrying out a large stock transaction in the toilet, forgot to turn on the water option above. ..Soo this what i called ..Yup Im in this shit situation","Äang giá»¯a lÃºc thá»±c hiá»‡n giao dá»‹ch chá»©ng khoÃ¡n lá»›n trong nhÃ  vá»‡ sinh, quÃªn báº­t cháº¿ Ä‘á»™ xáº£ nÆ°á»›câ€¦ Tháº¿ nÃ y lÃ â€¦ Ä‘Ãºng lÃ  tÃ´i Ä‘ang gáº·p ráº¯c rá»‘i to rá»“i."
Happy and sunny Monday Â°,Thá»© Hai tÆ°Æ¡i vui vÃ  náº¯ng áº¥m!
"""It's up to you what moves you have, but if you just stay silent, it's the same as you don't have a dream"" (naruto)","TÃ¹y báº¡n muá»‘n lÃ m gÃ¬, nhÆ°ng náº¿u cá»© im láº·ng thÃ¬ cÅ©ng nhÆ° lÃ  báº¡n cháº³ng cÃ³ Æ°á»›c mÆ¡ nÃ o cáº£."
"I'm looking at the advice again, it's really cool, the music is really modern","TÃ´i Ä‘ang xem láº¡i lá»i khuyÃªn nÃ y, hay tháº­t Ä‘áº¥y, nháº¡c cÅ©ng hiá»‡n Ä‘áº¡i ná»¯a."
don't expect too much sis,Äá»«ng mong chá» quÃ¡ nhiá»u nha chá»‹.
I'm the one who doesn't understand????,TÃ´i lÃ  ngÆ°á»i khÃ´ng hiá»ƒu Ã ???
Oh.. denied by pledis,Ã”iâ€¦ bá»‹ Pledis tá»« chá»‘i rá»“i.
The face cannot be compromised,KhÃ´ng thá»ƒ Ä‘á»ƒ lá»™ máº·t.
"I'm so proud, oh my God, thank you dreamies for fighting until now 'Å¡","Trá»i Æ¡i, mÃ¬nh tá»± hÃ o quÃ¡, cáº£m Æ¡n cÃ¡c dreamies Ä‘Ã£ kiÃªn trÃ¬ chiáº¿n Ä‘áº¥u Ä‘áº¿n giá»!"
Boss are good,Sáº¿p tá»‘t.
"My brother, Sonu, is the new owner","Anh trai tÃ´i, Sonu, giá» lÃ  chá»§ má»›i."
What color is the theme for your raya clothes?..Me: brown :D,Máº¥y bá»™ Ã¡o Raya cá»§a cáº­u tÃ´ng mÃ u gÃ¬ tháº¿?..Tá»›: NÃ¢u :D
when you want this wednesday,HÃ´m thá»© TÆ° nÃ y Ä‘Æ°á»£c khÃ´ng?
jyp la ripeo?,Giá» Äƒn trÆ°a chÆ°a?
tired of being hung by feelings that I shouldn't expect from him because he never expected me to come back,"Má»‡t má»i vÃ¬ cá»© pháº£i dáº±n váº·t bá»Ÿi nhá»¯ng tÃ¬nh cáº£m mÃ¬nh khÃ´ng nÃªn dÃ nh cho anh áº¥y, bá»Ÿi anh áº¥y chÆ°a bao giá» mong mÃ¬nh quay láº¡i."
"I'm lazy for raya, I don't even buy raya clothes. There are no members here, I don't even know who they are. It's not going anywhere. Look at the man's face. but man I ordered the raya menu like I wanted to make an open house yoooo","LÆ°á»i quÃ¡ cháº£ thÃ¨m sáº¯m Ä‘á»“ Raya, nhÃ¬n máº·t máº¥y Ä‘á»©a trong nhÃ³m cháº£ biáº¿t ai lÃ  ai, viá»‡c gÃ¬ cÅ©ng cháº£ Ä‘Ã¢u vÃ o Ä‘Ã¢u cáº£.  NhÆ°ng mÃ  tui Ä‘áº·t menu Raya nhÆ° kiá»ƒu sáº¯p lÃ m open house áº¥y chá»©!"
Want to look for mutual blink only or mulfand but mostly blink. Just like or rt yaa,"Muá»‘n tÃ¬m ngÆ°á»i cÃ¹ng tháº£ tim thÃ´i hay tháº£ tim nhiá»u hÆ¡n, chá»§ yáº¿u tháº£ tim áº¥y, thÃ­ch thÃ¬ tháº£ tim hoáº·c retweet nha."
"once again said fierce. google, how to be not fierce? â€œ","Láº¡i dá»¯ ná»¯a rá»“i, Google Æ¡i, lÃ m sao Ä‘á»ƒ khÃ´ng dá»¯ ná»¯a Ä‘Ã¢y?"
"The Governor of East Java expressed his appreciation, bcoz the Regent for conveying in detail. Today the agricultural sector really needs to adapt to agricultural technology as well as the fisheries sector","Thá»‘ng Ä‘á»‘c ÄÃ´ng Java bÃ y tá» sá»± Ä‘Ã¡nh giÃ¡ cao vÃ¬ ngÃ i Huyá»‡n trÆ°á»Ÿng Ä‘Ã£ trÃ¬nh bÃ y chi tiáº¿t; hiá»‡n nay, nÃ´ng nghiá»‡p vÃ  ngÆ° nghiá»‡p cáº§n pháº£i thÃ­ch á»©ng máº¡nh máº½ vá»›i cÃ´ng nghá»‡."
good morning the world's tricks~,ChÃ o buá»•i sÃ¡ng tháº¿ giá»›i gian xáº£o!
Ride across to the side. I'm handsome and kind :v,"Cá»© cÆ°á»¡i ngá»±a sang bÃªn kia Ä‘i, anh Ä‘áº¹p trai vÃ  tá»‘t bá»¥ng mÃ  :v"
better pc memberkit or grid?,"PC MemberKit hay Grid, cÃ¡i nÃ o tá»‘t hÆ¡n?"
"Btw nax amicu who helped me try to rep here. My account stinks, so it's not logged in..Especially if your account isn't logged in either:' that's so sexiest(tormented)~ how poor):","Báº¡n thÃ¢n giÃºp mÃ¬nh Ä‘Äƒng nháº­p láº¡i Ä‘Ã¢y, tÃ i khoáº£n mÃ¬nh tá»‡ quÃ¡ nÃªn khÃ´ng vÃ o Ä‘Æ°á»£câ€¦ nháº¥t lÃ  tÃ i khoáº£n báº¡n cÅ©ng khÃ´ng Ä‘Äƒng nháº­p Ä‘Æ°á»£c ná»¯a thÃ¬ Ä‘Ãºng lÃ  tháº£m há»a, khá»• quÃ¡!"
"jeongwoo's nosebleed, I'm so cranky that I can't sleep.... my gosh...",MÃ¡u cam cá»§a Jeongwoo lÃ m mÃ¬nh khÃ³ chá»‹u Ä‘áº¿n ná»—i khÃ´ng ngá»§ Ä‘Æ°á»£câ€¦ trá»i Æ¡iâ€¦
"""cover jjk 16 if not naoya, yuuta deh"".. Akutami: *proceed to draw my kenjaku*",Náº¿u khÃ´ng pháº£i Naoya hay Yuuta thÃ¬ ai sáº½ cover JJK 16 Ä‘Ã¢yâ€¦ Akutami: *liá»n tay váº½ Kenjaku*.
"Alhamdulillah, O Allah, kasa ibadan mu karbabbiya ce â„¢","Táº¡ Æ¡n ChÃºa, láº¡y ChÃºa, xin cho Ä‘á»i chÃºng con Ä‘Æ°á»£c thanh sáº¡ch."
"Liam, when he's in trouble, his job is to tease Rav... But when he's like this, he listens to a spiritual song.","Liam gáº·p ráº¯c rá»‘i thÃ¬ trÃªu chá»c Rav, nhÆ°ng lÃºc nÃ y anh láº¡i nghe nháº¡c tÃ¢m linh."
Innalillahhh look for mutual just flop Â©,"Ã”i trá»i Æ¡i, tÃ¬m ai Ä‘Ã³ cÃ¹ng lÃ m viá»‡c cho vui thÃ´i."
Aaaaaaaa we're talking jerr. Don't be serious,"Ã”i trá»i Æ¡i, Ä‘Ã¹a tÃ­ thÃ´i mÃ , Ä‘á»«ng nghiÃªm trá»ng tháº¿!"
"AFK FOR A LIFE, THERE'S A JAPANESE LANGUAGE EXAMINATION. COULD FORGET #DIE","Äi thi tiáº¿ng Nháº­t cáº£ Ä‘á»i, quÃªn máº¥t rá»“i cháº¿t luÃ´n!"
It's a shame that people trade in the bazaar.,"Tiáº¿c thay, ngÆ°á»i ta láº¡i buÃ´n bÃ¡n á»Ÿ chá»£ trá»i."
ml! picjen does anyone want to play? -4 here,Máº¥y báº¡n Æ¡i! ChÆ¡i Picjen khÃ´ng?  Bá»‘n ngÆ°á»i Ä‘Ã¢y rá»“i!
"JJK vol 16, coverny geto anboksing head contents","Äáº­p há»™p táº­p 16 Jujutsu Kaisen, lá»™ máº·t Gojo."
are you safe?,Báº¡n cÃ³ an toÃ n khÃ´ng?
in progress..Bismillah â„¢ â„¢ â„¢,Äang thá»±c hiá»‡n...Nhá» Æ¡n ChÃºa.
watdafak,Trá»i Æ¡i!
I can't want to tweet that I'm very respectable because there are people stalking,TÃ´i khÃ´ng dÃ¡m tweet ráº±ng mÃ¬nh ráº¥t Ä‘Ã ng hoÃ ng vÃ¬ cÃ³ ngÆ°á»i Ä‘ang theo dÃµi.
At the age of 25 is very important :..1. Don't listen to what you don't need to hear.2. Don't see what you don't need to see.3. Don't talk if it's not important.4. Don't find out what makes you hurt,"25 tuá»•i, Ä‘iá»u quan trá»ng lÃ : Ä‘á»«ng nghe nhá»¯ng Ä‘iá»u khÃ´ng cáº§n thiáº¿t, Ä‘á»«ng nhÃ¬n nhá»¯ng Ä‘iá»u khÃ´ng cáº§n thiáº¿t, Ä‘á»«ng nÃ³i náº¿u khÃ´ng quan trá»ng, vÃ  Ä‘á»«ng tÃ¬m hiá»ƒu nhá»¯ng Ä‘iá»u lÃ m báº¡n tá»•n thÆ°Æ¡ng."
"It's a lot of fun, my tweet just now is soooooooooooooooooooooooooooooooooooooooooooooood","Tuyá»‡t tháº­t, tweet cá»§a mÃ¬nh vá»«a rá»“i hay dÃ£ man!"
I'm so dizzy,TÃ´i chÃ³ng máº·t quÃ¡.
"My love for you, no matter how far or near, if Allah has determined that you are mine and you love me to death, I will love you forever","DÃ¹ xa dÃ¹ gáº§n, náº¿u Ä‘á»‹nh má»‡nh cho em lÃ  cá»§a anh vÃ  em yÃªu anh Ä‘áº¿n cháº¿t, anh sáº½ yÃªu em mÃ£i mÃ£i."
Yakari Yakari,Ya-ka-ri Æ¡i!
Dino is squished,Dino bá»‹ báº¹p dÃ­.
Where do you buy fireworks? Want to play fireworks at night takbiran,Báº¡n mua phÃ¡o bÃ´ng á»Ÿ Ä‘Ã¢u váº­y? Muá»‘n cÃ¹ng nhau chÆ¡i phÃ¡o bÃ´ng Ä‘Ãªm giao thá»«a nhÃ©?
"Even though my history is Mulfand from 2010, but if the situation is 3 groups that you like to be in Top social artist... aren't you drunk? Â£. Right now I can only focus on 1 group... from 2018 too gt",DÃ¹ tÃ´i theo dÃµi Mulfand tá»« 2010 nhÆ°ng náº¿u tÃ¬nh hÃ¬nh lÃ  3 nhÃ³m mÃ  báº¡n muá»‘n lá»t top nghá»‡ sÄ© xÃ£ há»™iâ€¦ thÃ¬ báº¡n cÃ³ say khÃ´ng?  Giá» tÃ´i chá»‰ táº­p trung Ä‘Æ°á»£c vÃ o 1 nhÃ³m thÃ´iâ€¦ tá»« 2018 ná»¯a.
"I feel more work after WFH. Understandably, the first time the office was allowed to do WFH :)","LÃ m viá»‡c á»Ÿ nhÃ  xong láº¡i tháº¥y cÃ²n nhiá»u viá»‡c hÆ¡n ná»¯a.  Hiá»ƒu rá»“i, láº§n Ä‘áº§u Ä‘Æ°á»£c lÃ m viá»‡c á»Ÿ nhÃ  mÃ  :)"
"Yes, I'm trying to be cool. I don't even open artist accounts. Then there's the family, besan, sending stories atta aurel. Chillman. I cry. Luckily I'm not fasting, can I swear?","á»ª, tá»› Ä‘ang cá»‘ tá» ra bÃ¬nh tÄ©nh Ä‘áº¥y, tá»› cÃ²n cháº³ng má»Ÿ tÃ i khoáº£n nghá»‡ sÄ© ná»¯a lÃ . MÃ  láº¡i cÃ²n gia Ä‘Ã¬nh, há» hÃ ng, suá»‘t ngÃ y gá»­i Ä‘á»§ thá»© chuyá»‡n linh tinh, bá»±c mÃ¬nh muá»‘n cháº¿t! KhÃ³c thÃ´i. May mÃ  khÃ´ng Ä‘ang nhá»‹n Äƒn, khÃ´ng thÃ¬â€¦cháº¿t cha!"
"After bubbling a lot, are you safe?","SÃ´i sÃ¹ng sá»¥c tháº¿ nÃ y rá»“i, á»•n chá»©?"
Receive THR via shopepay <3,Nháº­n thÆ°á»Ÿng Táº¿t qua ShopeePay â¤ï¸
"Make a problem with PDD, please, during an online event for LPJÃ°Å¸ËœÃ°Å¸Ëœ, how come it's not there?","Trong sá»± kiá»‡n trá»±c tuyáº¿n cho LPJ, sao láº¡i khÃ´ng tháº¥y váº¥n Ä‘á» vá» PDD nhá»‰?  (Giá»¡n thÃ´i!)"
What day is Eid Al-Fitr if you may know?,Náº¿u biáº¿t thÃ¬ ngÃ y lá»… Eid Al-Fitr lÃ  ngÃ y nÃ o váº­y?
great no limit,VÃ´ háº¡n tuyá»‡t vá»i.
back thinking looking for money,Ngá»“i nghÄ© mÃ£i chuyá»‡n kiáº¿m tiá»n.
"How can I do it, do you feel the same?","MÃ¬nh lÃ m sao Ä‘Ã¢y, báº¡n cÅ©ng tháº¥y tháº¿ Ã ?"
V doesn't really die,V khÃ´ng thá»±c sá»± cháº¿t.
"It's really delicious in the morning, sweet martabak breakfast~",Martabak ngá»t buá»•i sÃ¡ng ngon tuyá»‡t!
"My parents: ""Can netizens call the minister a hypocrite. I just like it""..Me being one of them: ' 'â€Ã°Å¸'","Bá»‘ máº¹ tÃ´i báº£o: "" DÃ¢n máº¡ng gá»i bá»™ trÆ°á»Ÿng lÃ  Ä‘áº¡o Ä‘á»©c giáº£ Ä‘Æ°á»£c Ä‘áº¥y, tÃ´i tháº¥y thÃ­ch!"", cÃ²n tÃ´i, má»™t trong sá»‘ nhá»¯ng dÃ¢n máº¡ng Ä‘Ã³, thÃ¬ chá»‰ biáº¿t cÆ°á»i trá»«."
Me wa mimir,Máº¹ Ä‘ang ngá»§.
It's true that you are strong humans who take static class A for 1 semester,ÄÃºng lÃ  cÃ¡c báº¡n lÃ  nhá»¯ng ngÆ°á»i máº¡nh máº½ khi há»c lá»›p A tÄ©nh suá»‘t má»™t há»c ká»³.
"I think turning off the alarm today will make life calm, eh you know Â®Ã¢â‚¬ 'Â¨",Táº¯t chuÃ´ng bÃ¡o thá»©c hÃ´m nay cho cuá»™c sá»‘ng yÃªn tÄ©nh hÆ¡n nhá»‰?
It's that hard to gain weight,TÄƒng cÃ¢n khÃ³ tháº¿ cÆ¡ Ã .
Losing weight because of stress is normal. But have you ever gained weight because you are happy?,"Giáº£m cÃ¢n vÃ¬ stress lÃ  chuyá»‡n bÃ¬nh thÆ°á»ng, nhÆ°ng báº¡n Ä‘Ã£ bao giá» tÄƒng cÃ¢n vÃ¬ háº¡nh phÃºc chÆ°a?"
why sleepy :(,Sao láº¡i buá»“n ngá»§ tháº¿ :(
"I'm kdrik x interested in layer cake. K brik ngn my brothers work far & study time yes. It's best if you feel it when the dk compliment it, it's diplh, it's comfortable","TÃ´i cháº³ng thÃ­ch bÃ¡nh nhiá»u táº§ng chÃºt nÃ o, anh em tÃ´i lÃ m xa vÃ  há»c hÃ nh báº­n rá»™n láº¯m.  Tá»‘t nháº¥t lÃ  báº¡n nÃªn tá»± cáº£m nháº­n khi ngÆ°á»i khÃ¡c khen nÃ³, nÃ³ cáº§u ká»³, nhÆ°ng láº¡i thoáº£i mÃ¡i."
KB injection in the ass right? how come it's in the bot and even in the hands? the midwife's rp isn't right,"TiÃªm KB vÃ o mÃ´ng chá»© nhá»‰, sao láº¡i tiÃªm vÃ o mÃ´ng vÃ  cáº£ tay ná»¯a?  HÃ nh Ä‘á»™ng cá»§a ná»¯ há»™ sinh khÃ´ng Ä‘Ãºng."
I'm really happy that 7 dreams can be a million seller you guys are great!!,"MÃ¬nh vui láº¯m vÃ¬ 7 Dreams Ä‘Ã£ bÃ¡n Ä‘Æ°á»£c triá»‡u báº£n, cÃ¡c báº¡n tuyá»‡t vá»i!"
help rt pinned me,GiÃºp mÃ¬nh retweet bÃ i Ä‘Äƒng Ä‘Æ°á»£c ghim nhÃ©!
"I'm confused, Liuyu, aren't you dizzy from yesterday's plane ride","Liuyu, tá»› tháº¥y rá»‘i bá»i quÃ¡, hÃ´m qua bay mÃ¡y bay cáº­u khÃ´ng chÃ³ng máº·t Ã ?"
seven minute lecture,BÃ i giáº£ng báº£y phÃºt.
Let's practice hero hehe,"Thá»­ lÃ m anh hÃ¹ng xem nÃ o, hehe."
"btw, does the vaccine cancel fasting? I have a vaccine schedule today","Ã€ nÃ y, tiÃªm vaccine cÃ³ phÃ¡ bá» giá» Äƒn chay khÃ´ng nhá»‰? HÃ´m nay mÃ¬nh cÃ³ lá»‹ch tiÃªm rá»“i."
Every year the month of Ramadan does he like to look for the article why? Do you really get punished by Allah? #SavePalestine #SaveSheikhJarrah,NÄƒm nÃ o thÃ¡ng Ramadan anh áº¥y cÅ©ng tÃ¬m bÃ i bÃ¡o há»i táº¡i sao bá»‹ Allah trá»«ng pháº¡t? #SavePalestine #SaveSheikhJarrah
". your heart is really soft. women are not to be hurt even if you raise your voice or pull your face, she will feel hurt. so take care of your woman's heart.","Anh/Em tháº­t hiá»n lÃ nh, phá»¥ ná»¯ dá»… tá»•n thÆ°Æ¡ng láº¯m, dÃ¹ chá»‰ lá»›n tiáº¿ng hay cau máº·t thÃ´i cÅ©ng lÃ m há» buá»“n rá»“i, nÃªn hÃ£y trÃ¢n trá»ng ngÆ°á»i phá»¥ ná»¯ cá»§a mÃ¬nh nhÃ©."
"Oops, I'm confused whether to join bukber or not","á»i, mÃ¬nh Ä‘ang phÃ¢n vÃ¢n cÃ³ nÃªn Ä‘i Äƒn bukber khÃ´ng ná»¯a!"
The spicy breakfast meal was a bad idea :((,Ä‚n sÃ¡ng cay tháº¿ nÃ y há»‘i háº­n quÃ¡!
"People who show off under the guise of worshiping captions, how do you do it, mentolo smack jane","Máº¥y ngÆ°á»i khoe máº½ trÃ¡ hÃ¬nh sÃ¹ng bÃ¡i caption, lÃ m kiá»ƒu gÃ¬ váº­y trá»i, mentolo smack jane!"
THE BEST DREAMIES,Tuyá»‡t pháº©m ngon nháº¥t.
Towards Dating #AncaMenujuHalal,Háº¹n hÃ² hÆ°á»›ng Ä‘áº¿n hÃ´n nhÃ¢n Há»“i giÃ¡o.
Pabili nga bambam interpark nangungulila Â²,Mua há»™ mÃ¬nh bambam á»Ÿ Interpark Ä‘Æ°á»£c khÃ´ng?  (Em/TÃ´i) Ä‘ang nhá»› láº¯m.
Want to stay at Peggy Gou's house,Muá»‘n á»Ÿ nhÃ  Peggy Gou.
What the hell is so controlling tai,"Máº¹ kiáº¿p, cÃ¡i gÃ¬ mÃ  kiá»ƒm soÃ¡t cháº·t cháº½ tháº¿ nÃ y!"
"Last night, I dreamed of rowing a boat from Pik to Ancol when it was a stormy night. Waking up very tired","Tá»‘i qua tÃ´i mÆ¡ tháº¥y mÃ¬nh chÃ¨o thuyá»n tá»« Pik Ä‘áº¿n Ancol giá»¯a Ä‘Ãªm bÃ£o tá»‘, tá»‰nh dáº­y má»‡t lá»­."
"why is tiktok, it's turn like this instead fypÃ°Å¸Â¤Â¯","Sao TikTok láº¡i thÃ nh ra tháº¿ nÃ y chá»©, thay vÃ¬ ""For You Page"" cÆ¡ mÃ !"
maybe at the end of May Pledis will announce the truth cb,CÃ³ láº½ cuá»‘i thÃ¡ng NÄƒm Pledis sáº½ cÃ´ng bá»‘ sá»± tháº­t vá» mÃ n comeback.
"This is too satire, too bitter to accept.","Äiá»u nÃ y má»‰a mai vÃ  cay Ä‘áº¯ng quÃ¡, khÃ´ng thá»ƒ cháº¥p nháº­n ná»•i."
uhh! Anyone interested in joining the Telegram group? special chi,Ui! CÃ³ ai muá»‘n tham gia nhÃ³m Telegram khÃ´ng? CÃ³ quÃ  Ä‘áº·c biá»‡t nha!
get rid of us ng baseball bat jan eÃ°Å¸Ëœâ€š,"DÃ¹ng gáº­y bÃ³ng chÃ y Ä‘á»ƒ xá»­ chÃºng ta Ã , haha!"
"Just enjoy the process, fail to laugh, just be deceived into giving alms, you're still young, don't get carried away, you can get tired, don't give up.","cá»© táº­n hÆ°á»Ÿng quÃ¡ trÃ¬nh Ä‘i, váº¥p ngÃ£ thÃ¬ cÆ°á»i cho qua, cÃ³ bá»‹ lá»«a cho vÃ i Ä‘á»“ng cÅ©ng Ä‘Æ°á»£c, cÃ²n tráº» mÃ , Ä‘á»«ng vá»™i náº£n, má»‡t thÃ¬ nghá»‰ chá»© Ä‘á»«ng bá» cuá»™c."
ONAKA GA SUITA,TÃ´i Ä‘Ã³i quÃ¡!
"top, anyone wants to have a foster friend like me or not, sometimes the child is a bit naughty, m17 unh!","CÃ³ ai muá»‘n nháº­n má»™t ngÆ°á»i báº¡n nuÃ´i nhÆ° mÃ¬nh khÃ´ng nhá»‰, Ä‘Ã´i khi hÆ¡i nghá»‹ch ngá»£m má»™t chÃºt, mÃ¬nh 17 tuá»•i!"
Poor ronaldo et al wkwkw,Ronaldo tá»™i nghiá»‡p quÃ¡ haha.
"After paying off Dreamies, lgsg dp album seventeen. Pledis knows that after Eid there is a lot of money '","Tráº£ háº¿t tiá»n Dreamies rá»“i, giá» mua album Seventeen thÃ´i. Pledis biáº¿t lÃ  sau lá»… Eid má»i ngÆ°á»i dÆ° dáº£ láº¯m."
good morning my children â„¢â€¹,ChÃ o buá»•i sÃ¡ng cÃ¡c con!
Wanzar and hijabistahub clothes brackets all sold,"Äá»“ Wanzar vÃ  hijabistahub, táº¥t cáº£ Ä‘Ã£ bÃ¡n háº¿t rá»“i."
early raya my classmate even if you are roger la,"Raya sá»›m nha báº¡n cÃ¹ng lá»›p, dÃ¹ cáº­u cÃ³ lÃ  Roger Ä‘i chÄƒng ná»¯a."
"Uh! Would you like to see your Namjoon PC collection, please? I've always wanted to have a PC, but I never got it.",Ã”i! Báº¡n cÃ³ muá»‘n xem bá»™ sÆ°u táº­p mÃ¡y tÃ­nh cÃ¡ nhÃ¢n cá»§a Namjoon khÃ´ng? MÃ¬nh luÃ´n ao Æ°á»›c cÃ³ má»™t chiáº¿c mÃ¡y tÃ­nh nhÆ°ng chÆ°a bao giá» Ä‘Æ°á»£c.
"My simple wish list about BTOB who haven't crossed out yet, only met Seo Eunkwang. The others have been and met miraculously. Huhu come on Mr. Director we meet 'â„¢","Æ¯á»›c mÆ¡ nhá» nhoi cá»§a mÃ¬nh vá» BTOB váº«n chÆ°a thá»±c hiá»‡n Ä‘Æ°á»£c, chá»‰ gáº·p Ä‘Æ°á»£c Seo Eunkwang thÃ´i, máº¥y anh kia gáº·p tháº§n ká»³ láº¯m rá»“i. Huhu, mau mau gáº·p máº·t Ä‘i nÃ o, giÃ¡m Ä‘á»‘c Æ¡i!"
"morning"" how are you doing?","ChÃ o buá»•i sÃ¡ng, dáº¡o nÃ y báº¡n khá»e khÃ´ng?"
"eu, lo de jyp es joda?","Ã”i, chuyá»‡n gÃ¬ cá»§a JYP tháº¿ nÃ y?"
"Can my brother wfh be like:..I want to take a shower near the toilet and he told me to wait, I'm on this meeting for 5 min. Can't be noisy","Anh trai mÃ¬nh lÃ m viá»‡c á»Ÿ nhÃ  mÃ  kiá»ƒu: ""Tao muá»‘n Ä‘i táº¯m gáº§n cÃ¡i toilet mÃ  báº£o tao Ä‘á»£i, tao Ä‘ang há»p 5 phÃºt ná»¯a, Ä‘á»«ng lÃ m á»“n!""."
this is so kriyuuukkk this is my turtle,"Trá»i Æ¡i, con rÃ¹a cá»§a mÃ¬nh Ä‘Ã¡ng yÃªu quÃ¡!"
"It's already good, if you want to buy it, why don't you have an order","Tá»‘t rá»“i Ä‘áº¥y, muá»‘n mua thÃ¬ Ä‘áº·t hÃ ng Ä‘i."
Cheol busy to it's been days I don't want to see. 2 days ago duk hehehehehe to the person who posted the kidult lyric lol,"Dáº¡o nÃ y báº­n quÃ¡, máº¥y hÃ´m nay cháº³ng muá»‘n nhÃ¬n tháº¥y gÃ¬ cáº£. Hai hÃ´m trÆ°á»›c tháº¥y ai Ä‘Ã³ Ä‘Äƒng lá»i bÃ i hÃ¡t Kidult cÆ°á»i haha mÃ£i."
teacher matmin I'm really good for God's sake huhu,"Tháº§y Æ¡i thÆ°Æ¡ng em, em lÃ m tá»‘t láº¯m rá»“i mÃ , huhu."
"Morning everyone, today is my schedule for babysitting, my nephew is coming, I want to break the taste","ChÃ o má»i ngÆ°á»i, hÃ´m nay mÃ¬nh trÃ´ng chÃ¡u, tháº±ng chÃ¡u mÃ¬nh Ä‘áº¿n chÆ¡i, mÃ¬nh muá»‘n lÃ m gÃ¬ Ä‘Ã³ ngon ngon."
"Ping! let's be mutual, just rt. jfb y!!Ã¢ 'â„¢","Ã™ng! Káº¿t báº¡n Ä‘i, chá»‰ cáº§n retweet thÃ´i, yÃªu báº¡n láº¯m!"
Peter Pan Ã¢,"Ã”i, Peter Pan!"
"how come on holiday, I even go to school offline",Sao kÃ¬ nghá»‰ mÃ  tÃ´i cÃ²n pháº£i Ä‘i há»c trá»±c tiáº¿p tháº¿ nÃ y?
So proud of dreamies Â©Ã°Å¸Ëœ they must be very happy,"Tá»± hÃ o ghÃª vá» cÃ¡c Dreamies, cháº¯c cÃ¡c bÃ© vui láº¯m!"
ywa ka bipolar ba nimo oyy,Báº¡n bá»‹ rá»‘i loáº¡n lÆ°á»¡ng cá»±c Ã ?
it's easy to make it viral,"Dá»… mÃ , cho nÃ³ viral ngay thÃ´i."
"yuuhi no oyama ni, keep it up momiji","Chiá»u tÃ  trÃªn nÃºi cao, máº¹ gáº¯ng lÃªn nhÃ©."
Dizzinessâ„¢Æ’,ChoÃ¡ng vÃ¡ng.
gm tl,"ChÃ o buá»•i sÃ¡ng, tá»› nghe Ä‘Ã¢y."
Is it stupid that it's been 2 hours and a half in the train.. still not getting to the office because the jammed road wants to go home haihhh,"Hai tiáº¿ng rÆ°á»¡i trÃªn tÃ u mÃ  váº«n chÆ°a tá»›i vÄƒn phÃ²ng vÃ¬ káº¹t xe kinh khá»§ng, muá»‘n vá» nhÃ  quÃ¡ Ä‘i!"
spa maw kiss,Máº¹ hÃ´n nháº¹.
"It's been a long time since I heard ""do you panic? Don't you panic? Is it okay to panic?"" and whatever words are made up like gt'","LÃ¢u láº¯m rá»“i mÃ¬nh má»›i nghe tháº¥y cÃ¢u ""Cáº­u cÃ³ hoáº£ng khÃ´ng? Äá»«ng hoáº£ng nhÃ©! Hoáº£ng cÃ³ sao khÃ´ng?"" vÃ  Ä‘á»§ thá»© lá»i láº½ bá»‹a Ä‘áº·t kiá»ƒu ""gt"" áº¥y."
Cirilo,Cirilo.
I want to move on from you but it's hard :(,Em muá»‘n quÃªn anh nhÆ°ng khÃ³ quÃ¡ :((
"Always off soq tk tk sleep already, today kawkaw he sleeps awake wakes up at 10 o'clock. Amboiii hng naa!!","Trá»i Æ¡i, suá»‘t ngÃ y cá»© ngá»§ gÃ  ngá»§ gáº­t, hÃ´m nay cáº­u ta ngá»§ dáº­y lÃºc mÆ°á»i giá» cÆ¡ Ä‘áº¥y!  Trá»i Ä‘áº¥t Æ¡i!"
Cheese cheese and hand e,PhÃ´ mai phÃ´ mai vÃ  tay em.
"Hey man, my twitter is really weird","NÃ y báº¡n, Twitter cá»§a mÃ¬nh bá»‹ lá»—i quÃ¡i gÃ¬ áº¥y!"
My throat is dry oh my god,"Ã”i trá»i Æ¡i, cá»• há»ng khÃ´ khÃ¡t quÃ¡!"
a jheni asked how kkkkkkkkkkkk amoh,Má»™t Jheni há»i sao láº¡i cÆ°á»i nhiá»u tháº¿.
"Don't even ask for pape, just throw away this feeling","Äá»«ng hÃ²ng xin xá», cá»© vá»©t bá» cáº£m giÃ¡c nÃ y Ä‘i."
"Undip Menfess hasn't sent the scale, bro?",ChÆ°a tháº¥y Undip Menfess gá»­i cÃ¡i cÃ¢n Ã  báº¡n?
"Kk PrillyBie say hello donk,,,,,,,,,,,,,,,,,,,,,, please don't be too long,,,:(.#ngarep","PrillyBie Æ¡i, chÃ o nhaâ€¦ lÃ m Æ¡n Ä‘á»«ng lÃ¢u quÃ¡â€¦ :(  MÃ¬nh Ä‘ang chá» Ä‘áº¥y!"
It's sooo cold. Runny nose sneezing won't stop please please. Cook it in the sun,"Trá»i láº¡nh quÃ¡, sá»• mÅ©i háº¯t xÃ¬ khÃ´ng ngá»«ng Ä‘Æ°á»£c, lÃ m Æ¡n, lÃ m Æ¡n, phÆ¡i náº¯ng Ä‘i!"
"I'm also confused, honestly, I feel sorry for my own mother, but when I deliver, it's a habit to tell me to go away from the burden of the family who can only watch 24/7","Tháº­t ra tÃ´i cÅ©ng rá»‘i bá»i, thÆ°Æ¡ng máº¹ láº¯m, nhÆ°ng cá»© má»—i láº§n tÃ´i sinh ná»Ÿ lÃ  láº¡i bá»‹ Ä‘uá»•i Ä‘i, báº£o trÃ¡nh xa gÃ¡nh náº·ng gia Ä‘Ã¬nh, cá»© nhÆ° tÃ´i chá»‰ biáº¿t ngá»“i nhÃ¬n má»i viá»‡c suá»‘t ngÃ y Ä‘Ãªm váº­y."
jyp se murio? Ayuda,JYP máº¥t rá»“i Ã ? Cá»©u vá»›i!
The universe knows how hard I try to get you :),VÅ© trá»¥ biáº¿t tÃ´i Ä‘Ã£ cá»‘ gáº¯ng tháº¿ nÃ o Ä‘á»ƒ cÃ³ Ä‘Æ°á»£c em :)
Ma Ma Ma Ma Mafia huh?,"MÃ¡ Æ¡i, Mafia háº£?"
"dude! Can't move on from shadow and bone, please suggest a movie/series that looks like shadow and bone","ÃŠ, xem xong Sáº¯c MÃ¢y & XÆ°Æ¡ng mÃ  khÃ´ng dá»©t ra Ä‘Æ°á»£c, mÃ¡ch mÃ¬nh phim/series nÃ o tÆ°Æ¡ng tá»± Ä‘i!"
Vitamin C deficiency,Thiáº¿u vitamin C
"Dates mellow, want to cry, feelings are not clear. Usually girl. Alhamdulillah, thank you.","Chuyá»‡n tÃ¬nh cáº£m máº­p má», khÃ³ hiá»ƒu, cá»© nhÆ° sáº¯p khÃ³c váº­y, hÃ¬nh nhÆ° lÃ  con gÃ¡i.  Cáº£m Æ¡n ChÃºa."
"I did enter UIA, just took the subject of UNGS, eee already uni req course, oh my god there are already many ungs","Ã”i trá»i Æ¡i, mÃ¬nh Ä‘Ã£ vÃ o Ä‘Æ°á»£c UIA rá»“i, chá»‰ há»c mÃ´n UNGS thÃ´i mÃ , mÃ´n báº¯t buá»™c cá»§a Ä‘áº¡i há»c áº¥y, nhiá»u UNGS quÃ¡!"
a dream if you dream it won't happen sad :((,"MÆ¡ Æ°á»›c mÃ  khÃ´ng lÃ m thÃ¬ sáº½ khÃ´ng thÃ nh hiá»‡n thá»±c, buá»“n quÃ¡ :("
Are you proud to be a dreamzen? I'm very proud,Cáº­u cÃ³ tá»± hÃ o khi lÃ  má»™t Dreamzen khÃ´ng? Tá»› thÃ¬ ráº¥t tá»± hÃ o.
Rachel_JKT48 when your face is white sweet like #Gulla,Máº·t Rachel_JKT48 tráº¯ng tráº»o ngá»t ngÃ o nhÆ° káº¹o Gulla.
"what's wrong with political science to the point where it's really banned...wwwwwwwwwwwwwwwwwwwwwwww, strict parents don't have any opponents","Chuyá»‡n gÃ¬ Ä‘ang xáº£y ra vá»›i khoa há»c chÃ­nh trá»‹ mÃ  nÃ³ bá»‹ cáº¥m tiá»‡t Ä‘áº¿n tháº¿â€¦ trá»i Ä‘áº¥t Æ¡i, bá»‘ máº¹ nghiÃªm kháº¯c thÃ¬ khÃ´ng cÃ³ ai pháº£n Ä‘á»‘i Ä‘Æ°á»£c."
"dk! Kmrn who bought SG21 NCT, how much is the cargo tax?","Trá»i Æ¡i! HÃ´m qua ai mua SG21 NCT, thuáº¿ nháº­p kháº©u bao nhiÃªu váº­y?"
"I don't know if you stay still and then check your own fleet, you will definitely smile like an orgil Â»Ã¢â‚¬ Ã¢â„¢â‚¬Ã¯Â¸","KhÃ´ng biáº¿t náº¿u cáº­u cá»© yÃªn láº·ng xem Ä‘á»™i cá»§a mÃ¬nh, cáº­u sáº½ cÆ°á»i tÆ°Æ¡i nhÆ° ná»Ÿ hoa khÃ´ng Ä‘áº¥y!"
Make it difficult to sit down if you want to be ready eh,Muá»‘n sáºµn sÃ ng thÃ¬ cá»© ngá»“i cho khÃ³ vÃ o nhÃ©.
"I don't think it's the 10th, OMG YOU HAVE TO SIMULATE FIRST TO SEE JENO LEE AND HER TROOPS WICKING Â±","Tá»› khÃ´ng nghÄ© hÃ´m nay lÃ  mÃ¹ng 10, trá»i Æ¡i cáº­u pháº£i mÃ´ phá»ng trÆ°á»›c Ä‘Ã£ Ä‘á»ƒ xem Jeno Lee vÃ  quÃ¢n Ä‘á»™i cá»§a cÃ´ áº¥y hÃ nh Ä‘á»™ng!"
"last year, make 5 cakes for raya, have a lot of enthusiasm. this year just show it. i iz sad Ã¢","NÄƒm ngoÃ¡i hÃ¡o há»©c lÃ m nÄƒm chiáº¿c bÃ¡nh Raya, nÄƒm nay chá»‰ trÆ°ng bÃ y thÃ´i, buá»“n quÃ¡!"
"I can't understand how stupid they are? The feeling of ghozwah stories, even the first crusade, no one attacked when others were worshiping","TÃ´i khÃ´ng hiá»ƒu sao há» láº¡i ngu ngá»‘c Ä‘áº¿n tháº¿? Cáº£m giÃ¡c nhÆ° chuyá»‡n ká»ƒ trong nhá»¯ng cÃ¢u chuyá»‡n ghozwah, ngay cáº£ cuá»™c tháº­p tá»± chinh Ä‘áº§u tiÃªn, cháº³ng ai táº¥n cÃ´ng khi ngÆ°á»i khÃ¡c Ä‘ang thá» phÆ°á»£ng cáº£."
/ae/ Is Myne ready to be the highest viewers of mv aespa again or not? ï¸,MV cá»§a aespa liá»‡u cÃ³ láº¡i Ä‘áº¡t lÆ°á»£t xem cao nháº¥t khÃ´ng?
Yoongi te amo,"Yoongi, em yÃªu anh."
there's nothing pretty,Cháº³ng cÃ³ gÃ¬ Ä‘áº¹p cáº£.
"To date, 3500 species of cockroaches have been identified worldwide, experts believe about 5000 species have not been described ##pest control","Äáº¿n nay, tháº¿ giá»›i Ä‘Ã£ xÃ¡c Ä‘á»‹nh Ä‘Æ°á»£c 3500 loÃ i giÃ¡n, nhÆ°ng cÃ¡c chuyÃªn gia tin ráº±ng cÃ²n khoáº£ng 5000 loÃ i chÆ°a Ä‘Æ°á»£c mÃ´ táº£."
Got a gift from fujifilm grgr video kmrn fypÃ°Å¸Ëœâ€š,"MÃ¬nh Ä‘Æ°á»£c Fujifilm táº·ng quÃ  hÃ´m qua, vui quÃ¡!"
"those who protest are mostly internal fans, aren't they?? thank you, come on","Cháº¯c nhá»¯ng ngÆ°á»i pháº£n Ä‘á»‘i chá»§ yáº¿u lÃ  fan ruá»™t thÃ´i nhá»‰? Cáº£m Æ¡n, cá»‘ lÃªn!"
long time no hear the strokes,LÃ¢u láº¯m rá»“i khÃ´ng nghe tháº¥y tiáº¿ng trá»‘ng.
"My minus during Kulon has increased, I haven't had time to check, I can only feel it.. I'm so tired of crying minus I was looking at my eyes and saw red lines like that (?) I want to rest but today there is a webinar.....","Máº¥y ngÃ y á»Ÿ Kulon tÃ´i bá»‹ thÃ¢m quáº§ng máº¯t nhiá»u hÆ¡n, chÆ°a ká»‹p xem xÃ©t ká»¹, chá»‰ tháº¥y má»‡t má»i kinh khá»§ng, nhÃ¬n vÃ o máº¯t tháº¥y toÃ n nhá»¯ng Ä‘Æ°á»ng Ä‘á», muá»‘n nghá»‰ ngÆ¡i mÃ  hÃ´m nay láº¡i cÃ³ webinarâ€¦"
want to watch the musical again :(((((((((((((((((((((((((((((((((((((((((,Muá»‘n xem vá»Ÿ nháº¡c ká»‹ch Ä‘Ã³ láº§n ná»¯a quÃ¡ Ä‘i mÃ  :'(
"Mager, where's my stuck email, what should I do?","Mager, email cá»§a tÃ´i bá»‹ káº¹t á»Ÿ Ä‘Ã¢u rá»“i, tÃ´i pháº£i lÃ m sao Ä‘Ã¢y?"
do you have gas?,Báº¡n cÃ³ xÄƒng khÃ´ng?
"[cm] Oh yes, I'm really confused that my final project has been sent to Dospem 2, while I have changed the contents again. Just wait for the revision or just send the changes again. Please advise guys :(","Ã”i trá»i, mÃ¬nh rá»‘i quÃ¡, dá»± Ã¡n cuá»‘i ká»³ Ä‘Ã£ gá»­i sang Dospem 2 rá»“i mÃ  mÃ¬nh láº¡i sá»­a ná»™i dung ná»¯a, giá» chá» chá»‰nh sá»­a hay gá»­i láº¡i báº£n sá»­a Ä‘á»•i Ä‘Ã¢y?  CÃ¡c báº¡n cho mÃ¬nh lá»i khuyÃªn vá»›i :("
the trending is 7l instead of 71 wkwkwk,"TrÃ o lÆ°u lÃ  7l chá»© khÃ´ng pháº£i 71, haha."
I'm so stressed I lost weight,TÃ´i stress quÃ¡ Ä‘áº¿n ná»—i sÃºt cÃ¢n.
Share across regions,Chia sáº» rá»™ng kháº¯p cÃ¡c vÃ¹ng miá»n.
"Mutual? Gass, those who like jbjb, let's be mutual with me, help rt/like, sis, thx <3","Káº¿t báº¡n khÃ´ng?  CÃ¡c báº¡n thÃ­ch jbjb thÃ¬ káº¿t báº¡n vá»›i mÃ¬nh nha, giÃºp mÃ¬nh retweet/like nhÃ©, báº¡n, cáº£m Æ¡n <3"
"Coming home is never simple, coming home is never ordinary. Excited for those of you who don't come home for Eid this time","Vá» nhÃ  khÃ´ng bao giá» dá»… dÃ ng, cÅ©ng cháº³ng bao giá» bÃ¬nh thÆ°á»ng.  ChÃºc má»«ng nhá»¯ng ai khÃ´ng Ä‘Æ°á»£c vá» nhÃ  Äƒn Táº¿t nÄƒm nay."
Peyut,Dáº¡ vÃ¢ng.
Gluruk without reinforcements.. Lanjotttt...,Gluruk khÃ´ng cÃ³ quÃ¢n tiáº¿p viá»‡nâ€¦ Cháº¿t cháº¯c rá»“iâ€¦
JENDRA COME BECOME MY FRIEND. TROUBLESHOOTING ANJRIT â€,"Jendra, lÃ m báº¡n vá»›i mÃ¬nh Ä‘i, giÃºp mÃ¬nh sá»­a lá»—i pháº§n Anjrit nhÃ©!"
Leathered horse,Ngá»±a da sáº§n.
"hm, I'm not broken, then I'm broken, look at the status of broken people â„¢","á»ª, mÃ¬nh khÃ´ng sao, mÃ  láº¡i tháº¥y mÃ¬nhâ€¦ tan vá»¡ rá»“i, nhÃ¬n nÃ y, há»™i ngÆ°á»i tan vá»¡ Ä‘Ã¢y â„¢"
"dokfess! Brothers who are FK PTN, do you have another psychological test or not? If it's a health test, what are you checking, Sis? Thank you",Trá»i Æ¡i! Anh em khoa PTN cÃ³ kiá»ƒm tra tÃ¢m lÃ½ gÃ¬ ná»¯a khÃ´ng Ä‘áº¥y? Náº¿u lÃ  khÃ¡m sá»©c khá»e thÃ¬ chá»‹ Ä‘ang kiá»ƒm tra cÃ¡i gÃ¬ váº­y? Cáº£m Æ¡n chá»‹!
why can't shopee pay online Maybank2u? strange Ã°Å¸Â¤â€,Sao Shopee khÃ´ng thanh toÃ¡n trá»±c tuyáº¿n Ä‘Æ°á»£c vá»›i Maybank2u váº­y? Láº¡ tháº­t!
"It's a regret at the end, at the beginning it's registration","Há»‘i tiáº¿c á»Ÿ cuá»‘i, Ä‘Äƒng kÃ½ á»Ÿ Ä‘áº§u."
UMSfess- does anyone know of a money exchange service that is still ready around solo or not,CÃ³ ai biáº¿t chá»— Ä‘á»•i tiá»n nÃ o á»Ÿ Solo váº«n cÃ²n má»Ÿ cá»­a khÃ´ng nhá»‰?
"Hadaahh hadaahhh.... Monday the air is going home but I can't go home, that's why I keep working work work","Háº£â€¦ háº£â€¦ Thá»© Hai rá»“i, tan táº§m háº¿t rá»“i mÃ  mÃ¬nh váº«n pháº£i cÃ y cuá»‘c Ä‘Ã¢y nÃ y."
pq dicen q jyp mword,Sao má»i ngÆ°á»i láº¡i nÃ³i JYP thiÃªn vá»‹ tháº¿?
"What are you doing, I just want to take a bath","Báº¡n Ä‘ang lÃ m gÃ¬ tháº¿, mÃ¬nh chá»‰ muá»‘n Ä‘i táº¯m thÃ´i."
Have you ever been dumbfounded and 'diluc is so handsome',"Báº¡n Ä‘Ã£ tá»«ng bá»‹ choÃ¡ng ngá»£p Ä‘áº¿n má»©c thá»‘t lÃªn ""Diluc Ä‘áº¹p trai quÃ¡"" chÆ°a?"
Sig or not? I'm so sorry for sure,KÃ½ hay khÃ´ng kÃ½? TÃ´i thá»±c sá»± ráº¥t xin lá»—i.
WHERE IS MY JAEMIN PC?,Giáº¥y áº£nh Jaemin cá»§a tÃ´i Ä‘Ã¢u rá»“i?
Morning?,SÃ¡ng rá»“i Ã ?
Multitasking is my passion hahahaha,LÃ m nhiá»u viá»‡c cÃ¹ng lÃºc lÃ  niá»m Ä‘am mÃª cá»§a tÃ´i! hahaha
I just woke up,MÃ¬nh má»›i dáº­y.
dream is there a v live before the MV comes out or not?,MV ra máº¯t cÃ³ VLIVE trÆ°á»›c khÃ´ng nhá»‰?
"Inhaling aing tea, my loba asa ngagoler jeung ngahuleng na. But from the ideals of wishing to become jalma beunghar :((","Uá»‘ng trÃ , lÃ²ng tÃ´i vá»«a tÄ©nh láº·ng vá»«a buá»“n bÃ£ vÃ¬ Æ°á»›c mÆ¡ trá»Ÿ thÃ nh ngÆ°á»i giÃ u cÃ³ váº«n chÆ°a thÃ nh hiá»‡n thá»±c."
"Ayuma, the aura is getting here, the aura is getting better..","Ayuma, hÃ o quang Ä‘ang Ä‘áº¿n, hÃ o quang Ä‘ang máº¡nh hÆ¡n rá»“iâ€¦"
oh sarah,Ã”i Sarah!
Longing to float in the strains of my breath,Khao khÃ¡t Ä‘Æ°á»£c trÃ´i ná»•i trong hÆ¡i thá»Ÿ cá»§a chÃ­nh mÃ¬nh.
slr first while on duty,Trá»±c nháº­t láº§n Ä‘áº§u.
don't be locked after unlocking,Äá»«ng tá»± khÃ³a mÃ¬nh láº¡i sau khi Ä‘Ã£ má»Ÿ khÃ³a.
"the bunny is so cute, isn't it like no one is naughty","ChÃº thá» dá»… thÆ°Æ¡ng quÃ¡, trÃ´ng ngoan ngoÃ£n láº¯m!"
"Last night there was a story about Derai near tv3, at first I didn't know the title of the story. I asked my sister. ""What story is this?"". With confidence he answered...""Jealous"".............Ã°Å¸Â¤Â¦Ã¢â‚¬ Ã¢â„¢â‚¬Ã°Å¸Â¤Â¦Ã¢â‚¬ Ã¢â„¢â‚¬","Tá»‘i qua cÃ³ chiáº¿u phim vá» Derai trÃªn kÃªnh TV3, lÃºc Ä‘áº§u khÃ´ng biáº¿t tÃªn phim, há»i em gÃ¡i ""Phim gÃ¬ tháº¿?"", nÃ³ tá»± tin Ä‘Ã¡p: ""Ghen""...  ğŸ˜ğŸ˜˜ğŸ˜ğŸ˜˜"
edi there lahat,Äáº¥y Ä‘á»§ rá»“i.
Chataaa,ChÃ¡n quÃ¡!
"Why is this tweet, why is it that every time I like a tweet it gets so often unlike???",Sao cá»© má»—i láº§n tÃ´i thÃ­ch má»™t tweet thÃ¬ nÃ³ láº¡i bá»‹ há»§y thÃ­ch nhiá»u tháº¿ nÃ y?
it's time for namatin s2 girl from nowhere,Äáº¿n giá» xem Ná»¯ tháº§n vÃ´ hÃ¬nh mÃ¹a 2 rá»“i!
sed kerk afkark ki lkhra,TÃ´i khÃ´ng hiá»ƒu cÃ¢u Ä‘Ã³.
there are people,CÃ³ ngÆ°á»i.
"The flash is 5 minutes, remind me hmmmmm. â¤","TÃ­ ná»¯a 5 phÃºt ná»¯a nhá»› nháº¯c mÃ¬nh nha, hmmm. â¤ï¸"
ok done! 'Å¡,ÄÆ°á»£c rá»“i!
Dikta has Nadhira. Jeno is mine.Ã°Å¸ËœÂ¼Ã¢Ëœ,"Dika cÃ³ Nadhira, Jeno lÃ  cá»§a tÃ´i!  ğŸ˜ŠğŸ’–"
want to go to buy a straightener,Muá»‘n Ä‘i mua mÃ¡y lÃ  tháº³ng tÃ³c.
Read AU so you don't get tensed,Äá»c AU Ä‘á»ƒ Ä‘á»¡ cÄƒng tháº³ng.
"Trying to be good ""just when it's right"" it's not easy to fall :(",Giáº£ vá» ngoan ngoÃ£n chá»‰ khi cáº§n thiáº¿t tháº­t khÃ³ khÄƒn :(
"Yes, Pdip corruptors again.... hadeh hadeh hadeh... the leader of his party even though the Pancasila ideology development board... just get up the cadres themselves can't be educated, they pretend to want to educate all over Indonesia","Dáº¡, lÅ© tham nhÅ©ng Pdip láº¡i tÃ¡i pháº¡mâ€¦ thÃ´i rá»“i thÃ´i rá»“i thÃ´i rá»“iâ€¦ Ä‘áº¿n cáº£ lÃ£nh Ä‘áº¡o Ä‘áº£ng, dÃ¹ lÃ  ngÆ°á»i cá»§a há»™i Ä‘á»“ng phÃ¡t triá»ƒn tÆ° tÆ°á»Ÿng Pancasilaâ€¦ mÃ  cÃ²n khÃ´ng dáº¡y Ä‘Æ°á»£c Ä‘áº£ng viÃªn cá»§a mÃ¬nh, láº¡i cÃ²n bÃ y Ä‘áº·t ra váº» Ä‘i dáº¡y báº£o cáº£ nÆ°á»›c."
via gk frens?,Qua báº¡n bÃ¨ trÃªn group Ã ?
"It's really annoying that the lecturer doesn't give homework, really appreciates my time offÃ°Å¸'â€¢Ã°Å¸'â€¢","Tháº­t khÃ³ chá»‹u khi giáº£ng viÃªn khÃ´ng giao bÃ i táº­p vá» nhÃ , Ä‘Ãºng lÃ  biáº¿t trÃ¢n trá»ng thá»i gian nghá»‰ cá»§a tÃ´i nhá»‰!"
"on the vows, the number of members is kkkkkkkkkkkkkk do i have to join kkkkkkkkkk","Trá»i Æ¡i, thá» nguyá»‡n nhiá»u ngÆ°á»i tháº¿ kia, mÃ¬nh cÃ³ pháº£i tham gia khÃ´ng trá»i!"
"No need to be busy to be better than others, but busy to try to be better than yesterday's #BerjuangTegakkanSyariah.Ã¢Ëœ â€¢â€¹Ã¢Ëœ . #CBZV4","KhÃ´ng cáº§n báº­n rá»™n Ä‘á»ƒ hÆ¡n ngÆ°á»i khÃ¡c, mÃ  hÃ£y báº­n rá»™n Ä‘á»ƒ tá»‘t hÆ¡n chÃ­nh mÃ¬nh ngÃ y hÃ´m qua. #BerjuangTegakkanSyariah.Ã¢Ëœ â€¢â€¹Ã¢Ëœ . #CBZV4"
Back to codm,Trá»Ÿ láº¡i CODM.
"Watching the fansign, you can go online, you can go offline, but it makes you feel bad.........Ã°Å¸'â€","Xem fansign xong, dÃ¹ online hay offline, váº«n tháº¥y khÃ³ chá»‹u."
Day 28/30 Al Akbar Â²Ã°Å¸ â„¢ #sahur,"NgÃ y 28/30, Al Akbar, bá»¯a Äƒn trÆ°á»›c bÃ¬nh minh."
"From here, you can see which ones are true, which are sincere, which are good, if you want it, it's like wearing a mask ""PARASITE"" Ã°Å¸Â¥Â´Ã°Å¸Â¤Âª","Tá»« Ä‘Ã¢y, báº¡n sáº½ tháº¥y Ä‘Ã¢u lÃ  tháº­t, Ä‘Ã¢u lÃ  chÃ¢n thÃ nh, Ä‘Ã¢u lÃ  tá»‘t, náº¿u muá»‘n, nÃ³ cÅ©ng giá»‘ng nhÆ° Ä‘eo máº·t náº¡ ""KÃ SINH TRÃ™NG""."
"Many other things for this year's Raya, I can buy telekung for mom, kurta for dad, Raya cake for brothers and how many Ramadan iftar desserts does that mean, all of that from my small business money, thank you Allah :')","NÄƒm nay Raya, con cÃ³ thá»ƒ mua telekung cho máº¹, kurta cho bá»‘, bÃ¡nh Raya cho cÃ¡c anh, vÃ  cáº£ Ä‘á»‘ng Ä‘á»“ trÃ¡ng miá»‡ng iftar thÃ¡ng Ramadan ná»¯a, táº¥t cáº£ Ä‘á»u tá»« tiá»n cÃ´ng viá»‡c nhá» cá»§a con, cáº£m Æ¡n Allah :â€™)"
Slr for a moment okâ„¢,Chá» chÃºt nhÃ©.
Arresting the regent of suspected corruption ahead of Eid. Not nationally minded!,"Báº¯t giam nhiáº¿p chÃ­nh vÃ¬ nghi ngá» tham nhÅ©ng trÆ°á»›c lá»… Eid, tháº­t thiáº¿u tinh tháº§n dÃ¢n tá»™c!"
FHCUKH,Cháº¿t tiá»‡t!
be honest if you like me h3h3,Náº¿u thÃ­ch mÃ¬nh thÃ¬ cá»© nÃ³i tháº­t Ä‘i.
"Sometimes happiness is not because of love, not because of money. Happiness is when our parents smile happily when we are successful..#quotesindonesia #quotesoftheday #twit #quotesdaily","Háº¡nh phÃºc Ä‘Ã´i khi khÃ´ng pháº£i vÃ¬ tÃ¬nh yÃªu, khÃ´ng pháº£i vÃ¬ tiá»n báº¡c, mÃ  lÃ  khi cha máº¹ mÃ¬nh má»‰m cÆ°á»i vui váº» vÃ¬ thÃ nh cÃ´ng cá»§a chÃºng ta."
"Honestly, what I'm thinking now is how many versions of the album will I be able to buy and how many versionsâ‚¬","Thá»±c lÃ²ng mÃ  nÃ³i, giá» mÃ¬nh chá»‰ nghÄ© xem mÃ¬nh cÃ³ thá»ƒ mua Ä‘Æ°á»£c bao nhiÃªu phiÃªn báº£n album thÃ´i."
"asked to choose, local brand or foreign brand. If you want to choose a local brand, sometimes it's hard to find it compared to foreign brands or those that go directly to the official store","Pháº£i chá»n giá»¯a hÃ ng ná»™i Ä‘á»‹a vÃ  hÃ ng ngoáº¡i, náº¿u muá»‘n mua hÃ ng ná»™i thÃ¬ Ä‘Ã´i khi láº¡i khÃ³ tÃ¬m hÆ¡n hÃ ng ngoáº¡i hay hÃ ng cÃ³ sáºµn á»Ÿ cá»­a hÃ ng chÃ­nh hÃ£ng."
xiao mains or hutao mains hmu i can pull yanfei/lumine <3,"Ai chÆ¡i Xiao hoáº·c Hutao thÃ¬ nháº¯n mÃ¬nh nha, mÃ¬nh cÃ³ thá»ƒ reroll ra Yanfei/Lumine nÃ¨ <3"
"Just looked at the study table, but ...... Hahaha continue","Vá»«a nhÃ¬n vÃ o bÃ n há»c, mÃ  thÃ´iâ€¦ Hahaha, tiáº¿p tá»¥c nÃ o!"
Why do Minang people when they speak Indonesian their accent has its own characteristics?,Táº¡i sao ngÆ°á»i Minangkabau khi nÃ³i tiáº¿ng Indonesia láº¡i cÃ³ giá»ng Ä‘áº·c trÆ°ng riÃªng?
"Don't want to be virtual, especially with Twitter kids. Hehe","Cháº³ng muá»‘n áº£o, nháº¥t lÃ  vá»›i lÅ© tráº» Twitter. Hehe."
"We're adults, if there's a problem, it's a good thing to say, not to be silent :(","ChÃºng ta lÃ  ngÆ°á»i lá»›n rá»“i, cÃ³ váº¥n Ä‘á» gÃ¬ thÃ¬ nÃ³i ra, Ä‘á»«ng im láº·ng chá»© :("
ALLAHUAKBAR JUNE COMEBACK,"ThÃ¡nh Allah vÄ© Ä‘áº¡i, thÃ¡ng SÃ¡u trá»Ÿ láº¡i!"
"If this year the Google Maps train is to be updated, it must be full of roadblocks, full of ambulances. ..In the past, it looked like she was riding a bicycle, so cute.","NÄƒm nay náº¿u Google Maps cáº­p nháº­t, cháº¯c cháº¯n sáº½ toÃ n táº¯c Ä‘Æ°á»ng, xe cá»©u thÆ°Æ¡ngâ€¦ TrÆ°á»›c kia nhÃ¬n cá»© nhÆ° cÃ´ áº¥y Ä‘ang Ä‘áº¡p xe Ä‘áº¡p, dá»… thÆ°Æ¡ng quÃ¡."
"tmi, suddenly i miss that prigkhing rp :(, that acel acel.. ouch, what's the last one... prigkhingjogja, what's the matter... duh where did i go after the reinstall, sad fkkkkkk :"""""""" """"""""""""""""""""""""""""""""""""""","Ã”i trá»i, nhá»› cÃ¡i RP Prigkhing quÃ¡ Ä‘i máº¥t, cÃ¡i Ace Ace áº¥yâ€¦ á»›, cÃ¡i cuá»‘i cÃ¹ng lÃ  gÃ¬ nhá»‰â€¦ Prigkhingjogja, sao láº¡i tháº¿ nÃ yâ€¦ chÃ¡n cháº¿t, cÃ i láº¡i xong mÃ¬nh Ä‘i Ä‘Ã¢u rá»“i áº¥y nhá»‰, buá»“n quÃ¡ Ä‘i huhu."
"If I beg for attention, is it okay?",TÃ´i van xin sá»± chÃº Ã½ thÃ¬ cÃ³ Ä‘Æ°á»£c khÃ´ng?
Making Deku edit,Äang lÃ m video edit Deku.
"in vlive rang people fight just because of autoclick, oh my godÃ°Å¸ËœÂ©","Trá»i Æ¡i, trÃªn Vlive ngÆ°á»i ta Ä‘Ã¡nh nhau chá»‰ vÃ¬ autoclick thÃ´i!"
"There'll be something later, ""Yeah, let's just bring it up again"".",Chá» tÃ­ ná»¯a tÃ­nh tiáº¿p Ä‘i.
"wÃ¢â‚¬â€tb usn related heejin & seungyoun, whisper the price yaa! #zonaba #zonabu #zoneuang","ThÃ¬ tháº§m giÃ¡ Ä‘i nÃ o, tá»› cáº§n thÃ´ng tin vá» HeeJin & SeungYoun! #zonaba #zonabu #zoneuang"
"When it's not vacation, I want to take a quick vacation, when I'm on vacation I don't know what to do","Háº¿t ká»³ nghá»‰ thÃ¬ thÃ¨m Ä‘Æ°á»£c nghá»‰, Ä‘ang nghá»‰ láº¡i cháº³ng biáº¿t lÃ m gÃ¬."
want to get pregnant with bram,Muá»‘n cÃ³ con vá»›i Bram.
Okokokokokooooooookkkkaaaaaayyyyyyyy tm :-) fr,ÄÆ°á»£c rá»“i nÃ o!  ^_^
Jigunamaru sha sha sha,Ráº§m ráº§m ráº§m!
NO HICW LAS TAREAS,KhÃ´ng Ä‘Æ°á»£c lÃ m bÃ i táº­p.
Ã¢â‚¬Å“Suffering makes me stronger and growingÃ¢â‚¬ - Pain(chapter 474),CÆ¡n Ä‘au khiáº¿n tÃ´i máº¡nh máº½ vÃ  trÆ°á»Ÿng thÃ nh hÆ¡n.
Pisti yawa,Cháº¿t tiá»‡t!
